0,1,2,3,4,5,6,7,8,9,10,11,12,13,14,15,16,17,18,19,20,21,22,23,24,25,26,27,28,29,30,31,32,33,34,35,36,37,38,39,40,41,42,43,44,45,46,47,48,49,50,51,52,53,54,55,56,57,58,59,60,61,62,63,64,65
-469.0612,70.776596,-6.3366666,0.1630105,-12.600813,-15.868874,-12.810249,2.6960037,-7.341574,-0.77659494,0.473641,-0.48216304,-0.9526458,-5.8918214,-4.4486732,-6.4839387,-1.3546541,3.9091644,8.855105,13.2374525,7.453013,-0.6793317,-3.2117991,-5.434897,-1.5003958,1.2099109,2.4240694,-3.8401346,-6.9170322,-4.3794384,106.102905,64.14775,53.40665,30.947884,33.685745,34.083008,25.950735,25.997246,19.537329,16.822561,11.619265,15.900325,13.393321,15.201764,11.888315,19.74663,13.308034,19.118645,24.730425,19.343166,17.415735,14.979146,17.533087,15.285433,14.23904,13.510394,11.463555,11.83057,13.739436,8.424101,5679.3802946844135,1723.9773519935595,7036.871337890625,0.23957429108796297,0.047420785,0.23992194
-531.1397,18.593245,-47.861553,13.93968,-12.523231,-2.51614,-10.947144,6.323017,0.96703506,-0.81979907,1.201135,-8.589093,1.6746268,1.4180275,-0.41828936,13.258889,19.35906,9.963413,5.1632547,1.4150853,-5.699885,-3.7852435,0.9402574,2.0490217,-0.90396464,-5.7831035,-0.98567045,1.0765277,3.2365196,2.466403,90.53072,70.27699,57.698635,47.040375,22.617252,23.42234,24.608963,13.862336,22.52917,16.940563,13.153369,18.460506,15.710394,14.044281,23.959122,19.335188,19.366608,20.407015,22.500767,19.805208,16.224573,13.317021,15.395617,11.045078,16.353317,18.94213,14.644872,17.206266,14.058341,13.523867,3165.3658085065154,1761.6749245108876,5154.279428291763,0.10776741045533643,0.021961004,0.26174462
-482.30533,69.4923,-31.804523,-10.150025,-7.900696,-12.7963505,-9.749096,10.342697,-1.1800898,-0.48538372,-7.1940255,-3.7186503,2.0424328,-1.7932993,0.805005,-0.63611335,4.407238,4.825767,10.209806,10.979014,7.796688,4.736311,0.7018325,1.5975071,5.2313013,2.5893805,0.029624319,-0.3998735,-2.560738,0.5288713,131.6801,61.500454,60.35084,35.150898,29.704252,29.875956,20.389658,19.702066,18.046803,14.705979,17.620296,17.802729,10.399075,13.966924,11.449028,13.092785,14.6507845,16.766453,15.290814,14.619814,13.104732,11.931876,13.620654,8.318973,9.808478,7.880171,8.920018,8.989369,8.586016,7.4100966,2510.461547164479,2378.5567728336796,4074.721532410093,0.08379291437064965,0.022709744,0.40617183
-492.56552,12.380517,-58.53996,9.534857,-13.557279,-6.642975,-15.766503,18.966206,1.8917881,-4.7053857,-3.825103,-7.4363127,-1.1820655,-2.898959,-1.8223636,11.237976,27.757523,20.185093,7.1551914,-0.7522606,-8.241926,-4.857771,-1.1403072,6.1831284,7.5541673,-7.6408906,-9.23026,-6.9319997,8.038223,6.372893,92.143974,67.074425,51.08557,45.540215,29.87556,18.558746,25.544252,22.421581,18.600859,17.61262,12.166609,19.761879,16.661087,16.041622,18.01272,20.823122,23.803476,21.733376,19.051266,21.125223,22.446268,17.31055,14.677106,16.599417,14.572661,14.130249,11.755178,14.412427,16.232458,12.454388,3293.7391856323793,2255.776352803455,5454.495246338457,0.1110256398636891,0.026832653,0.2661737
-532.2486,33.489822,-25.325655,1.2127362,-19.660904,5.798974,-3.8105555,0.4670305,0.9727129,4.974966,-2.9013112,1.9508616,0.5269057,-5.8288336,-1.2494057,-6.803656,-0.07899737,3.1438375,7.107093,9.673328,10.683733,2.288962,-4.2632194,-3.5794787,-1.7152188,2.9825685,2.8796477,3.089359,1.0128218,-4.8344426,123.93297,47.291763,62.79837,31.897842,27.374792,25.087332,19.505272,17.267143,25.518099,14.869745,36.966106,17.088816,13.981578,11.563328,13.721604,16.28749,11.830507,10.615748,21.849909,19.740143,16.753168,17.61474,18.743145,16.407158,10.681231,14.527052,11.633261,8.290695,11.101955,15.713653,5140.314524239763,2990.255060254973,8057.215006888051,0.20439158570185614,0.020482522,0.3001066
-577.5489,43.483414,-9.576527,2.2014053,-12.255454,6.621712,-7.433657,-1.9611782,-7.4314117,-1.5172087,-1.7653961,-2.2406929,-6.3193727,-3.2236302,-1.1287545,-5.7397904,0.60862136,-2.9083657,1.6381745,5.470626,7.6625504,2.108754,0.12908964,1.6387867,-1.5453991,-2.3223615,2.2743518,1.1451929,-0.7860285,-1.6888933,142.0113,56.924892,69.34547,45.839577,39.781666,22.461044,21.676777,16.858446,19.470036,10.617424,30.31582,14.012017,16.273737,11.491577,9.483008,13.929902,9.033847,10.028599,13.67558,13.021709,15.4413395,13.393969,13.871861,11.1011505,11.813479,6.9342947,10.150831,7.0045943,6.6410275,9.248934,4846.018284888474,2540.6003915087235,6942.734352341938,0.18813669156032484,0.017663693,0.35333693
-543.929,21.287188,-52.01687,7.272614,-25.734081,-22.055555,-7.341584,1.2335917,-9.15558,2.6340933,-8.999927,-4.1700597,-6.739282,-11.368308,-2.8857563,-0.80080086,3.513982,5.244791,13.034747,10.975664,6.5386395,2.8046727,-2.4404857,-4.8438244,-1.280699,-2.950482,2.2196941,-3.7410715,-5.1387177,-2.5437045,145.66447,34.148262,75.893875,18.885212,24.645424,27.18209,26.148726,18.188503,15.251062,12.885811,15.221287,18.500374,14.175021,18.009562,18.88656,16.387842,15.682939,18.214281,22.41537,17.623,22.593464,22.524183,20.848295,16.500864,16.295305,14.963018,15.353876,14.786776,14.1576,14.456403,2439.4467111840895,1765.8444261020875,3883.104451497396,0.07753951461226852,0.024377523,0.24498254
-505.04706,9.650764,-68.19864,9.513703,-11.925301,-17.55635,-3.5758717,-2.1242635,-3.2940936,3.337991,-6.5071836,-3.5592995,-9.672893,-11.72361,1.0991201,5.093918,8.968081,5.978185,9.670626,7.7474422,0.085191056,-0.08171914,-3.7110825,-1.9528658,0.85064673,-1.0737373,0.36318532,-6.0764318,-5.2771564,-2.8342004,100.242546,33.52863,65.74701,28.939198,27.58403,21.183039,22.855297,16.033094,18.460278,17.997305,23.51844,13.890976,16.729555,18.25781,15.311528,14.672734,18.002604,18.550331,20.365383,19.199774,20.570183,19.831139,17.228811,11.729821,14.608601,13.716319,13.107102,14.8937845,12.6218405,13.33241,3006.7079231215107,1907.9066547014688,4515.627605677204,0.09948475565545244,0.022429552,0.26140556
-514.9881,49.13929,-26.160444,-30.367472,-9.184466,-4.7550197,-19.935108,-18.827513,-30.96155,-10.613222,-16.388708,-0.54250264,-8.119197,4.388812,-0.6141176,-1.7984684,-3.763172,-6.3483,-4.5130396,-5.0721126,-5.1231217,-3.7147086,-4.598515,-3.1936624,-1.2614517,1.0960553,-0.3083867,1.2718444,-3.251344,-1.2451959,139.47891,59.424816,54.978256,49.30641,36.765564,31.706692,27.44783,19.481516,19.522238,17.498621,22.152586,20.565996,16.211802,19.411549,16.101055,13.688622,13.232424,10.15416,11.030782,8.311693,8.43485,10.170072,9.857254,7.6492515,7.6125417,8.098316,9.127096,10.035213,7.35098,6.7610493,1401.1901587988382,844.9425994493279,2288.1392045454545,0.30619229403409093,0.005672762,0.2991318
-370.3333,-23.01847,-19.116621,-13.009428,-11.779711,2.9983807,-10.282293,0.3492089,-3.955305,2.088214,-11.570102,4.442034,8.766909,15.621746,0.70650244,-5.869104,-3.3807292,3.5983791,-4.402585,-4.1661,0.102920204,0.6928974,-4.0579805,2.9320436,3.395721,3.9509401,2.5369859,1.1825025,-2.5006661,1.928892,198.99261,54.992317,43.376247,32.8078,28.471426,23.921654,18.56988,13.551871,14.850283,9.270304,14.740989,15.666761,21.006685,21.410236,21.827478,19.462605,13.404832,14.334645,12.407856,12.890142,14.432728,12.939286,16.29354,14.94557,8.660932,8.271964,13.243055,17.773466,13.561969,11.080695,1695.7743784814734,845.432572492711,2636.434659090909,0.31623757102272726,0.03084608,0.2958737
-522.7831,32.955013,-12.85704,-14.923715,-21.521914,-6.6461782,-11.17508,-3.661926,-12.482621,-6.195956,-6.933281,-0.78481966,0.44578,-1.9621283,-5.941694,-4.9076943,-1.3418847,0.43959546,-4.0487447,-0.3907215,1.001393,0.43157974,1.3714983,6.0005794,2.9431698,2.7046447,0.021596873,-2.005007,2.7541099,-0.39332652,198.92879,76.41303,48.420116,34.507023,29.122341,40.81749,22.436348,15.2106695,16.287664,13.2767725,13.145965,16.79008,16.05866,12.913322,13.329328,8.802547,9.622284,9.719783,10.596229,9.227939,8.588227,9.29949,11.479714,11.327647,7.1780305,6.674348,9.820262,11.571221,8.845353,7.846421,1340.6435316117565,792.8778077587282,2133.700284090909,0.26190962357954545,0.01214029,0.31882596
-361.38208,19.98414,-29.424196,-36.916576,-38.16297,4.5904694,-11.438613,-3.902679,-10.749191,-0.03062152,-1.9633608,4.537133,11.577578,4.554468,-0.97798043,-6.0889516,-6.00079,1.2004117,-5.824915,-0.4535863,-1.6305256,0.3462397,0.41515845,6.958172,2.667587,4.47934,0.717912,-0.9092716,-0.94870263,-0.78616256,215.40485,56.449753,37.3299,41.938725,53.10818,19.697695,23.991898,28.41915,18.2327,19.56919,17.905617,18.014233,19.478907,17.513815,13.997569,13.25644,10.547613,9.538691,10.043082,9.04087,9.516257,11.720214,13.042193,12.419242,9.930815,8.333291,11.21993,11.163345,8.679372,6.3635917,1303.4882270540602,793.3969892441402,2129.7585227272725,0.2276278409090909,0.041562364,0.3373558
-289.31082,7.259498,-46.700233,-29.854517,-24.16238,17.221165,-20.757116,-7.538645,-7.9137545,-1.2137412,-1.7697554,3.1538591,14.774073,10.0231,-0.19389822,-4.842027,-5.359786,1.0747411,-8.278825,0.5222567,-1.7763174,-0.5560779,0.37897235,6.8849363,1.989661,5.286258,-0.44538823,0.3073644,0.7346038,-0.7114729,168.84772,69.988,41.79853,52.983307,53.690605,26.151777,23.373043,32.927174,16.708582,18.118092,16.246666,19.134123,20.429274,20.3243,21.089426,14.008305,13.687399,12.156321,10.116262,10.30902,8.924113,12.3588505,15.547244,16.257318,9.9865055,8.3841915,11.455525,15.191665,9.911859,8.881213,1446.1930559572804,701.4013884107173,2201.065340909091,0.28751331676136366,0.049916543,0.28160563
-424.88016,34.52652,-51.505688,2.2790945,-13.415318,2.7694354,-20.461573,-12.982911,-8.822285,1.2920215,-5.719909,-5.441045,2.9298255,4.830005,6.527963,5.92535,2.339273,-0.7459562,0.8088935,-0.40495786,-2.5549946,-2.8414574,-1.5438342,-4.575363,-0.5193564,-3.1656053,-0.3999547,-0.7234618,-0.55626947,1.9369994,148.87236,57.430042,67.97695,35.73739,40.961018,29.839924,25.780256,18.122244,18.54337,20.532497,19.965757,20.21815,16.5901,21.464508,21.168554,22.12889,16.762531,18.752392,19.183245,16.929482,14.531301,13.378605,11.817957,14.2504015,13.682723,14.374223,12.629037,13.282155,12.144382,9.995665,4050.1754280860964,2191.9702454537482,5770.797815055491,0.1496479355286215,0.06676111,0.25229746
-409.02234,17.720907,-67.44611,6.3242674,-7.327164,12.815076,-11.242724,-5.2898827,-10.984166,1.4564232,-2.0379345,-9.444094,-2.6653426,2.191047,7.3957014,4.4196935,-3.3254685,-0.13179505,2.4459925,-2.2890966,-1.9108909,-3.4424899,2.0220408,-1.9252639,1.3223213,-5.514148,-2.5447967,0.98072076,-1.1451513,2.6622016,142.51482,48.26275,70.43715,49.236725,44.600555,44.23534,30.01225,25.158527,26.819355,19.46753,21.93678,18.629068,17.945848,16.329054,15.688237,20.461908,20.14712,13.726964,12.3164215,16.608418,12.158878,11.816033,11.518735,13.351388,11.994231,12.560497,11.260802,13.551444,10.590077,9.935064,3086.907846481092,1766.667135304082,4484.002274869489,0.108384842662413,0.08885495,0.23754916
-531.2232,44.523685,-28.459932,-20.534208,-32.98902,-4.466482,-11.243819,-1.043084,-1.496961,3.6325457,-6.3681912,-3.546982,-4.228813,-8.765569,0.53477263,-3.3462803,-0.04633772,6.4279494,2.2633417,4.028969,3.930139,2.64158,3.3890624,0.19606885,-1.352272,-1.4403892,1.2322392,-2.0890567,-1.3413126,-2.0981596,117.61099,54.60643,49.75537,33.739296,37.98457,24.367397,29.426163,25.204607,26.284855,17.90176,19.29373,13.364324,15.631556,21.309103,14.564221,14.569069,15.55786,16.607033,20.432837,15.806712,16.195627,13.721432,14.436631,19.625134,15.565143,10.553526,10.2404785,9.6243105,13.87501,11.106582,3365.4054505438717,2384.468753453205,5758.008492241879,0.11551986658932714,0.017434865,0.22668497
-525.45325,18.999369,-25.203537,4.3840775,-3.9557626,-11.183477,-4.3476133,-3.3527007,-8.982472,2.210125,2.1872957,-6.493675,-1.2130735,3.7358775,8.601067,11.262756,10.955753,8.637603,3.6790414,-3.1760552,-3.4935527,-0.6323296,-0.96852964,-2.088493,-5.9373837,-6.7925415,1.6009231,3.852743,-1.1997303,0.17525136,73.89434,25.040777,39.149338,15.477149,20.3349,17.205103,13.039914,16.282024,17.054113,13.432699,8.178065,18.208681,13.800779,18.754501,19.60498,16.401491,15.365945,21.748297,22.344791,19.44914,9.756128,13.08024,14.502305,14.97878,12.817301,15.036863,12.462946,19.143785,13.591414,14.528985,1463.5597990341387,1265.7569325653924,2447.790612311485,0.051278594475058004,0.022517147,0.15434228
-506.0939,44.97247,-29.120327,3.4865077,-3.8112342,-20.125084,-6.5420685,-11.491701,-11.296977,8.720111,7.7323694,0.2968855,-0.22195725,-3.0472703,-4.0443983,-9.1206455,-9.115977,-3.1448317,-3.9633882,2.1302328,10.837588,11.406766,13.521992,10.629171,1.9723351,2.4295597,2.946502,-3.2041175,-1.7644337,0.34526682,73.213936,34.319542,46.96892,28.62514,25.86795,25.037231,18.682327,18.192488,16.657955,19.104008,21.251915,16.517088,17.241291,18.327908,12.522136,13.032108,12.855122,14.213206,16.914227,19.586699,25.604862,18.374561,15.96743,16.309233,18.79154,20.490374,14.347403,16.584227,13.190642,10.944386,2182.5330959670378,1974.6321070754643,3730.040399325696,0.07402049195185614,0.026769591,0.23582582
-472.45724,30.718409,-21.308113,8.06595,-29.85285,-4.2903466,-12.469354,-9.480344,2.030797,-3.963627,2.058733,0.62075263,-1.5182036,-0.25752473,-2.8606212,8.659654,-2.5919616,3.8544528,-0.38101473,-2.9602098,-1.0501347,-4.7157197,2.5089653,-2.620474,-0.10352688,-3.2805848,0.3661014,-2.1701946,0.043097164,0.5442344,141.03912,40.212486,57.193615,23.698486,39.959045,41.810833,25.625174,22.965645,27.530653,16.050203,13.2501135,17.84159,18.313559,15.81846,15.25565,20.51099,18.316475,12.3745,11.580578,8.022628,8.258274,10.791462,11.992666,10.490989,10.150232,9.754016,8.497169,8.704072,6.0974026,7.9076037,6666.677961093974,3433.1548840529567,9691.04054886891,0.2788935614849188,0.033597212,0.30518758
-511.8702,38.148598,-18.90782,8.202838,-20.443481,2.0780587,0.7396611,-5.165991,2.015884,-0.23815097,2.9686277,-0.78395844,-4.7663116,1.8510418,-4.8378806,3.1706815,1.8216754,3.5282393,0.42585403,-1.7189294,3.2293823,-1.7196827,0.39086163,-3.2674835,-1.2155443,0.2247872,0.62220377,-0.40948954,0.6261659,0.4247812,138.36606,50.68206,54.233833,34.567955,41.451756,25.066027,20.264015,22.054976,11.594926,16.729485,11.509436,15.258829,16.464014,13.759229,18.91467,15.649316,14.091749,14.11822,12.527951,11.103093,13.848948,12.350248,10.188702,10.118265,7.7878623,10.331703,8.224853,10.297414,11.205326,6.3271523,5977.73166884375,3872.659757906315,9659.06549086427,0.23315373042343387,0.020256737,0.3727282
-538.1631,10.30825,-61.132263,-13.427257,-33.017998,0.65213895,-23.63087,-0.43195233,-5.727324,-3.578235,-15.262631,4.8015766,-2.169507,-1.886551,0.8143574,-9.903104,-4.290784,1.9190848,6.099556,6.2966733,4.7340107,6.1725025,5.3194466,7.193624,3.4581404,-0.54044753,-5.550481,-4.4432487,-1.6380998,-1.214503,161.27281,44.862694,54.875916,23.790257,28.367989,24.284985,26.530975,16.581055,29.630745,19.081394,24.727768,14.98514,21.156218,15.832554,17.814219,20.2726,13.829411,20.511703,20.950298,21.954046,19.544933,17.304195,19.140007,21.269846,16.7961,16.135788,15.630626,15.09268,13.61204,11.887385,3761.7254618803277,2618.7390728434357,6536.301388486079,0.11866480568445475,0.0143925715,0.22465275
-439.56906,6.893847,-18.666353,1.8163693,-18.619616,2.648524,1.6157122,-14.936216,-12.180976,-15.403332,-4.0013533,1.8543999,-1.6574041,-9.556139,-11.457044,-4.789687,-5.009541,-4.9304514,-3.5315905,-0.5761179,-2.0615926,2.4792945,1.9818693,-1.3344041,-2.311745,-2.7209527,-2.6727142,0.31145072,-1.3652995,0.44850978,154.42387,74.235016,56.461845,38.341522,38.46897,25.19048,18.40794,22.235437,24.357368,30.818632,30.131008,26.971548,24.080673,17.526741,20.10413,15.720903,14.71024,15.181275,11.990022,9.242758,13.605805,17.050503,17.052975,10.692132,8.198117,10.073425,10.363104,12.020692,11.586269,8.013345,1422.4828880516407,714.815736845048,2035.4758522727273,0.2955166903409091,0.020407872,0.2999896
-448.29047,59.59339,-49.938858,-12.7129135,-34.138855,-10.40839,-13.511157,7.1394854,4.536141,-2.7786102,-13.064546,10.528266,-4.4577312,-3.276168,1.5200803,-13.5832815,-11.301112,-6.51948,-2.6701303,4.1940994,-5.6197023,-3.75621,-5.6505227,-2.775004,-2.433604,-5.0902557,-2.8473945,-2.4884179,1.1377976,4.588137,165.92722,50.787167,67.38812,40.544437,34.037575,24.177204,22.404667,24.347755,18.791777,16.811567,24.228281,24.456293,22.870838,17.743727,15.304543,21.132946,12.670084,12.313302,13.496361,16.605034,18.155724,14.104386,15.976971,13.951189,9.83209,13.026145,9.87114,11.9780655,12.4977,10.501295,2936.5240114263293,2656.8991738903796,4890.03555050029,0.08696730894721577,0.03148007,0.2950221
-459.04373,42.99701,-44.082764,-8.2774,-34.807648,-6.3074627,-7.0209208,16.196564,-2.479278,2.5628068,-5.6945596,2.9821708,-0.44697985,1.7517058,-7.7618127,-4.0401845,-10.720558,-2.3642974,-3.4542165,2.1783328,-1.0699326,2.6140368,0.7505972,3.0213263,-2.9770644,-2.712203,0.53573245,-2.792304,-0.043890227,-0.88679665,179.7765,40.898724,60.737206,41.932304,37.684277,26.29423,20.519709,25.696648,19.610332,20.59008,26.042154,15.072091,20.532078,19.64783,19.897522,20.646128,15.745702,15.878644,17.33301,17.110374,20.148039,17.086143,18.15663,17.798615,13.662109,23.946796,14.250609,17.068357,12.418298,12.276701,4150.490037489692,3266.3555182660207,7375.796544192285,0.1257726399361949,0.031777415,0.31343737
-479.40277,72.998405,-12.821838,-14.064825,-23.304647,-7.9982915,-11.367352,5.494617,10.413519,11.231475,-5.2576475,-10.489985,-0.61995333,0.08895116,-10.6220045,-2.5378904,0.15394256,-8.065332,-3.0264869,1.4208262,0.54368335,-0.45242232,2.0716898,3.0233572,-0.5664357,-3.0295923,-1.5478405,2.069029,6.1197786,-0.45237488,123.91966,59.487846,41.64556,22.844835,26.86666,17.143635,21.964893,20.130745,22.12894,15.440925,19.739779,19.111984,16.594482,18.027164,16.026604,13.048852,10.514726,12.228511,10.181018,11.831463,17.493624,14.735174,10.735215,11.8601055,10.886096,15.198806,11.241655,12.569546,10.311804,9.7403755,2508.8114616697057,2240.862396794127,4608.7549621157195,0.07854417415893271,0.028098438,0.31461188
-522.9029,24.558304,-31.276283,7.045322,-15.5450735,-5.796264,-12.009866,-17.838268,-12.230663,-1.8512704,-0.80006313,-3.8802354,-1.5277967,0.102287136,4.908812,1.1985903,5.430031,3.1686208,4.0064974,4.3719273,-3.657255,-6.582196,-5.502589,-3.3788345,0.5349723,6.8714824,-2.3944774,-6.23064,-3.16913,-0.6886701,110.96255,35.463566,55.01115,29.909908,24.540821,13.600925,17.638937,23.925837,18.436417,13.7429695,18.6457,15.481925,20.123928,24.795164,20.266676,16.306303,25.949446,28.52097,19.454823,17.170567,17.034868,13.193998,14.899302,15.279239,19.557068,19.55321,13.366413,12.1035185,12.05906,13.122142,2190.9063338904366,1668.1421155851472,3616.2791382685614,0.07946522440545244,0.031511545,0.25607356
-402.17697,66.03559,-44.971676,-11.298044,-24.176405,-15.158409,-19.3645,-10.1474,-24.183367,3.290645,4.735898,-15.720312,-7.185935,-10.1799,-1.5763468,-4.14787,5.6854,5.913898,8.223835,3.9014895,-5.919744,-0.032265313,-1.8065255,-4.038807,-7.440559,-0.21821626,-4.1259513,-5.193996,-1.435743,-3.0494275,148.6627,60.710167,53.86798,34.232334,23.653034,27.895348,22.817698,21.302952,27.218575,20.503962,19.345184,18.041168,14.621275,16.213255,14.811307,14.504967,15.529927,18.197344,16.958084,18.492535,15.861181,10.772361,12.350811,12.793332,11.397612,9.600206,10.351518,15.493793,12.798388,10.536446,4106.404200902787,2162.1246831224043,5947.810438116299,0.14628838275812064,0.06522638,0.22347412
-488.76526,37.745663,-27.018566,2.8489823,-4.497226,-11.122003,-13.805176,-16.352837,-16.59555,-4.9018893,-7.83421,-12.7265625,-8.320301,-2.7495227,3.7244275,1.1907088,9.461199,11.782194,14.777053,11.408627,-0.7062903,-3.9088442,-7.2296767,-3.0317981,-1.3520292,-1.2429621,-4.0268416,-12.39394,-12.8869095,-3.1812072,83.311455,28.341835,40.625587,30.897757,30.68381,23.04731,26.491037,16.448786,20.738682,25.290792,22.291332,13.771303,18.221409,18.0423,12.516089,17.821949,22.158028,23.235218,18.672737,14.280536,17.702698,15.483034,15.413266,11.453768,13.395052,11.691992,13.395771,14.889027,14.461845,12.508421,3616.8769242675357,1935.2378000460224,4943.943499854989,0.1408175935324826,0.04000824,0.22396365
-481.4673,32.52172,-49.13035,3.5714881,-23.288927,-5.9702444,-14.475581,-17.000935,-15.475389,-5.053802,-9.290348,-12.523914,2.9347231,-1.9154016,6.606089,6.476387,12.450451,5.3399243,-4.758149,3.5455577,0.2058318,-2.5252454,-2.8240812,-6.0758286,-6.361347,4.7334886,3.1076941,-4.8916345,-3.1315958,1.7921004,97.09335,44.64109,74.05748,31.191383,26.402029,26.444525,20.409206,20.492056,24.497286,17.579,17.925535,17.0744,37.124985,27.603392,19.357794,27.770872,26.173458,31.51683,23.673546,24.04481,17.412512,16.72821,17.540903,17.424383,17.870152,27.568209,16.638262,23.947618,16.14356,16.737755,2586.1452831032775,2109.630833076482,4484.751690291473,0.08785097339037123,0.058472782,0.19224802
-457.75815,45.842335,-43.484783,0.34973484,-10.006957,-21.58103,-16.54592,-10.127199,-27.318996,-1.5534827,3.1065917,-16.650578,-7.819249,-8.580835,-0.21860428,2.2578416,9.774796,14.0352125,11.713411,11.259872,0.7160701,-3.8823457,-4.0016756,-6.2012644,-3.3703527,0.23959084,-4.2215815,-8.239997,-7.3451366,-0.6005397,94.5861,43.71737,60.612648,28.935919,24.81638,22.6467,18.461071,24.70276,32.08551,27.123487,23.372953,23.229258,14.03634,13.005018,23.35071,18.370493,17.04562,24.569698,16.334875,19.639051,20.22869,19.609184,14.31816,17.73714,13.556305,16.202383,16.279146,14.740037,14.017977,14.011768,3010.561136407373,2077.981878775019,4545.254495359629,0.1078115936774942,0.04190486,0.2046921
-487.02008,43.5119,-11.236501,4.9970794,-18.585909,3.0841115,-14.645417,5.217342,-0.54224396,0.8077421,2.881759,-6.9929986,0.18077962,-2.9379036,-6.104205,1.9892972,-0.32971758,2.3212135,1.3059198,1.8211129,1.538856,-1.350013,3.4092546,2.2539132,4.3079705,7.1742744,3.841848,1.7516179,0.63072246,-3.2498136,150.57016,54.99289,49.73254,18.970314,33.29638,13.658182,24.522377,27.132742,14.9859705,14.076902,23.140034,19.009438,23.045269,10.193892,16.559849,13.755127,15.631697,11.812946,13.121105,12.835535,12.848047,12.4956045,12.974658,10.751531,10.140033,14.635646,13.023862,14.044298,11.659928,10.704329,3464.86861249063,2745.2790437921963,6169.137792742169,0.10833272911832946,0.026733942,0.44000414
-422.22412,45.8724,-31.707108,5.0449247,-18.017523,0.46165243,-21.139153,-10.9434595,0.03177595,1.3758633,-8.341383,-3.1789954,-9.213482,-5.804039,-2.8751886,-1.0358076,-0.26410463,1.9053743,1.6879481,4.8861136,10.268582,7.1049194,2.2337918,1.5810474,0.20389453,-0.086945646,-0.78194034,-2.9449298,0.8271933,-4.0085998,148.02283,49.762074,70.42197,26.827965,26.832344,26.206238,33.826805,15.617384,18.212286,15.284328,17.092228,18.237877,18.397617,13.961184,18.73476,17.04757,19.201914,16.52118,17.510397,12.301362,16.721317,17.741104,18.693764,17.385334,13.359184,14.387174,10.913364,12.948653,10.340966,10.743962,3400.722180996856,2849.1686138613322,6275.105133410673,0.10111387035962877,0.041641064,0.29639596
-489.7568,60.047123,-21.862766,2.5644677,-18.502945,-5.4733624,-16.944653,-2.3752878,2.0308444,-0.47911677,-5.7194705,-3.7330341,-6.6533713,-4.0036216,-4.772645,-2.0586734,-2.7402008,1.4994048,-1.7731239,0.39321935,3.8319137,5.1963444,6.1653185,5.281808,3.647497,3.2509203,1.6539901,-1.8216467,-0.6029082,-3.1913023,160.51263,50.160988,69.19832,24.914022,28.516823,37.585255,34.665188,19.979258,24.234821,27.932693,14.605461,23.608366,14.954269,16.077166,14.039237,17.13734,13.394921,12.641933,15.932719,16.851841,13.828687,15.194975,13.885244,13.75251,15.199547,14.733476,11.851296,10.89027,10.365745,9.821707,2377.687964158136,2008.9163578770776,4129.328936158643,0.0681622498549884,0.029147582,0.32371455
-466.8854,40.517628,-20.96076,1.2933426,-8.860098,-0.19087549,-4.7942104,-18.91295,-2.0289295,4.2203693,2.2467022,2.1379914,-6.1713543,-4.1901803,0.07018891,-2.940167,-5.784388,-4.4957666,-0.37237838,1.4644563,5.429,3.8775122,1.4580525,1.4635457,-1.3879803,-2.5604358,-2.670234,-2.2899373,-0.24098186,0.7757942,84.09391,43.12923,31.958277,36.564312,20.703312,19.975405,18.808418,21.607124,19.828032,26.117704,15.282016,12.035301,18.524096,17.16417,9.941362,10.762316,10.71313,14.157173,14.534389,16.868725,15.443211,13.92837,17.454193,13.234657,12.459212,9.161768,11.6702795,10.474391,11.512716,8.1601305,3580.7588387510723,2385.2451914673284,5779.491734338747,0.14086177675464037,0.023378152,0.29075313
-469.4328,64.36756,-17.42933,4.5447474,-18.217596,-1.3836602,-8.761754,-23.69335,-13.426179,-8.300453,-2.4351194,-1.9148709,-8.674827,-4.1565795,0.107013285,-4.9536276,-5.6225977,-3.9271028,-0.21523948,-0.35280585,0.0691905,1.4316633,2.3766987,1.1772099,-1.0698998,-0.57187974,-1.7702534,-2.1082625,-1.6113853,-1.8382417,111.28048,49.734943,66.49741,37.084053,29.1198,21.447542,30.323475,35.635666,23.910692,20.770285,18.252432,14.964744,16.595915,15.702304,13.591961,14.585439,13.55303,16.953394,17.726173,18.03727,16.602789,15.508551,18.131294,15.934372,14.751759,10.309092,14.066969,12.9501,12.722629,13.191112,2266.246781728264,2036.5142818708982,4074.721532410093,0.08352328342517401,0.033900093,0.2899397
-514.5035,45.903744,-26.624731,3.4606571,-16.810959,-0.25428337,-7.4132524,-21.057722,-10.274267,-5.4216137,-3.9162617,-6.220285,-8.903545,-8.272158,-4.828995,-4.063149,-1.9079746,2.8009102,5.1129766,5.337076,4.279531,0.28622487,-3.408926,-3.7554846,1.3628776,4.3225207,0.63117206,-3.47569,-4.582995,-4.2732797,97.4917,37.843884,56.784794,43.30743,26.438433,25.85935,29.17053,35.72771,37.57456,24.112963,18.991169,18.255482,24.778276,18.393097,14.677898,15.623576,17.51349,21.506544,20.128857,21.191158,14.945461,17.623026,17.242065,15.585217,12.234842,13.005225,8.974716,14.606654,14.015403,10.417156,2682.310951388284,2106.9937780831033,4364.595417633411,0.10035935687354988,0.029626518,0.26184258
-439.9526,29.423946,-42.110165,13.702967,-18.65123,10.472291,-10.364953,-9.6852455,-11.229383,3.997314,-3.2307339,-1.3613559,-5.7069473,-3.5549066,5.03247,3.2090323,0.62593377,-3.6774004,6.1819034,-3.0771976,0.516308,0.33757532,3.7156622,0.5183415,-2.0867512,-4.265593,-1.9188122,-0.83503,-2.3362846,1.8802714,184.1224,40.6719,54.40123,38.467678,21.365162,28.860449,21.30251,26.04378,17.865105,18.18035,20.305765,17.488373,19.94075,17.158718,16.3142,21.01823,21.438068,15.681205,14.561489,14.611023,17.261438,20.21696,17.228676,16.924763,14.907908,13.554901,13.7017,12.925931,10.347689,10.328365,2448.572967223085,1440.1837433675253,3633.0660437209976,0.08490202653712298,0.05963457,0.17566407
-473.2671,33.831875,-8.342681,0.8078748,-8.728065,-4.98787,-10.583057,-10.898002,-10.008488,4.8568707,-7.051921,-4.100005,-2.6257539,-4.2237,0.6093676,-1.624317,3.42065,0.9195304,6.5962906,5.9644966,0.77239174,2.0908747,3.5702512,-3.5232458,-2.2350085,0.6100954,-2.806573,-1.7408518,-1.0460712,-2.4519806,117.196335,47.038918,30.303581,16.037079,17.94133,11.660479,17.103342,20.79956,17.211327,12.178905,12.001548,9.921028,8.438204,11.92344,12.011222,11.285556,13.284579,9.750596,17.98167,20.868933,12.489088,12.951105,11.347576,17.054066,10.109019,8.51411,8.78206,8.195011,11.823064,10.556143,1193.0876351737631,1397.4677572894054,2235.9558530307427,0.03275562826276102,0.026981287,0.1396945
-451.42557,59.471836,-56.706097,-13.366701,-36.77895,-6.7591023,-10.469652,6.9340796,4.4138618,-3.042707,-13.219645,10.886304,-8.003154,-4.298029,1.7467238,-13.91288,-10.78125,-6.385644,-2.626803,3.7760925,-5.725371,-5.067061,-8.087916,-4.129421,-1.797113,-6.0526147,-2.827345,-3.970595,0.9100711,4.198698,142.20761,66.31619,72.33794,44.544914,34.19815,37.60751,22.290594,26.445091,22.01174,21.792011,27.059706,36.385403,24.195375,20.457838,17.782913,21.591507,14.27736,12.052381,13.448928,17.440779,19.661806,15.222445,14.07692,13.833107,9.897144,12.570016,10.59122,12.455988,13.024321,10.788016,3155.720995027744,2765.5748113037657,5225.423932352088,0.09843455445185614,0.029564368,0.2737055
-525.2547,34.27101,-50.77417,2.6493263,-13.628556,5.9280663,-5.4001603,4.7924705,-5.043703,-1.4447536,-0.58544046,-3.2769613,2.5541034,-1.9594213,-3.5925379,4.7063932,12.796909,10.614181,7.4154954,4.095667,-1.3793536,-8.03346,0.120022304,1.4433178,2.7441335,3.695627,-1.5045239,-4.6736283,0.21534187,1.445601,139.7949,49.318947,70.06354,30.316252,24.679668,44.245804,28.340322,22.168158,22.266802,21.297972,22.08583,17.556366,12.973205,15.493993,29.13944,19.9263,20.18426,24.789165,19.124994,21.055857,16.412556,20.68643,18.658247,13.446154,11.488787,13.471522,10.818887,14.086637,10.9741125,9.319097,2413.854751794473,1971.7592416782486,4190.631117676914,0.07271991915603249,0.022672676,0.3307911
-493.5936,53.649086,7.9110174,17.79458,-10.0623,-10.139458,-13.586101,-10.033153,-15.477034,1.08092,0.09049814,-3.232783,9.198726,3.1181962,-1.8335037,4.11934,1.5715089,2.3999143,2.7192333,3.4154756,7.73124,3.6680315,12.307623,8.954562,4.3580956,6.979021,0.97949445,-2.8127325,1.4614407,0.5310199,84.41221,48.97657,70.41944,40.869694,31.104609,36.060097,20.294214,22.283176,27.414642,18.961178,16.479553,15.497258,15.701636,15.410642,21.050077,11.550524,18.524187,13.687495,14.823703,13.467619,15.19199,12.702444,20.161282,14.599,10.189259,11.307749,10.420769,9.541601,6.914897,7.1752944,1853.6848730388056,2081.8102063309834,3494.37422962587,0.04658950841067285,0.02737022,0.24980178
-544.92694,73.45243,11.47971,1.29921,-17.748625,-11.251976,-15.749536,-18.607817,-23.482937,-11.45463,-1.5548483,-4.7801275,5.578718,5.5353413,0.33781692,3.6833627,1.3157582,9.073952,6.772276,5.313066,12.557481,2.848273,6.3891873,2.593402,-0.13815343,4.0984335,-1.3003217,-1.6427299,-4.33532,-3.2880147,61.784725,47.762314,40.840656,38.196583,29.034204,23.661795,33.320866,26.981731,27.374277,33.85666,23.988487,14.879663,16.826647,14.492599,14.111267,14.6561775,14.916799,15.039711,12.255334,17.514086,14.708679,13.214436,11.215873,15.167005,10.491252,8.352224,7.325334,8.961641,11.714826,9.782965,2233.4595897703525,2374.227089634067,3357.9306617966936,0.0740238906612529,0.019592818,0.25442684
-473.60883,68.89061,-29.872095,0.7874276,-20.835842,-9.67872,-24.564934,-8.980955,-11.536436,1.8525901,-4.188789,-4.30156,8.074378,-0.6075844,3.1341398,17.58189,13.481004,5.6972976,2.0260465,-0.818709,5.069914,0.14956403,0.5321983,-1.6722441,0.21924536,-1.6484336,-2.122715,1.2447331,3.8079486,1.093503,136.9634,41.7504,86.569,34.09732,35.49913,39.825897,29.63118,25.057981,20.569162,21.887047,19.959469,19.798737,16.981115,19.613958,18.536272,22.43316,22.630823,19.322844,23.704473,18.236235,14.451407,12.598922,11.62852,10.6522455,12.205942,10.910147,12.3043375,11.63664,10.134627,9.913188,2107.213337817543,1946.9271096343812,3336.247575587297,0.0674609828161253,0.0312415,0.24972683
-475.07657,78.02935,-11.678133,9.780264,-26.184338,-27.222996,-16.059925,2.0374775,-23.119083,-5.8595486,-10.198603,-5.4499493,15.696719,0.8637582,-2.8482726,20.723879,14.831114,16.996048,8.63993,2.8922932,5.07993,-4.166594,2.1610665,3.186502,-1.8708615,-1.7261753,-2.965801,-4.078262,0.53086734,2.9247897,90.09175,63.017178,63.8687,33.550606,26.965544,30.737112,32.0464,23.04704,26.157007,22.999493,22.661665,21.658566,20.15603,23.207726,23.228067,28.263742,29.685642,19.986507,26.599422,20.682281,26.473726,17.586763,17.59715,17.890972,13.948431,19.96908,12.179121,14.281451,21.020126,11.743138,2858.509092645549,2570.889861570005,4805.701335013051,0.09451470961426914,0.037080314,0.25772253
-502.58447,15.591556,-51.83445,-8.825429,-3.5589037,11.559046,-15.005026,-6.2428045,-5.7650595,5.8089848,5.5220566,-1.3787072,-1.5072659,3.1128156,7.9442124,7.5332723,2.1946273,-0.6193055,-2.5569794,7.4159203,3.0400658,-5.2812963,-4.150525,-1.0681679,3.579741,3.4970794,-0.6537631,0.018076815,-1.1667696,-1.3747123,92.92242,48.821663,73.136375,35.238655,32.52972,31.797924,23.22043,19.837898,20.354599,26.615726,24.711353,20.435257,22.997171,19.0189,20.73247,15.205483,23.082136,20.50021,20.22991,18.19895,14.3394165,14.22546,11.239561,12.2427025,11.882071,10.7161665,10.697229,10.636129,10.389469,9.021218,2904.9505909794775,2363.5253027312765,5236.365397513051,0.09000915385730858,0.03182592,0.28824538
-498.65945,45.328598,-5.921377,3.2351117,-15.087902,-15.319802,-11.982842,-6.622841,-11.619618,-0.3206841,1.6428406,-3.873897,11.363516,2.7858694,-0.48706153,7.2520394,3.4157965,1.3147608,0.04539826,4.1619043,9.380211,7.0075746,6.645273,2.9012213,-3.0586429,-2.0238333,-2.0171335,0.5600801,2.0201795,-1.5210634,88.89755,44.351803,24.617895,20.996416,23.280706,31.279259,18.770844,18.580599,23.259214,18.141247,10.77238,20.94501,15.575724,14.4155655,21.79239,19.154118,16.026093,12.187501,11.969145,15.322856,21.17931,17.447338,15.645731,11.955748,15.755559,10.791148,12.618725,8.053778,6.92896,7.6841593,2762.3801419958436,2522.8083926929635,4802.004218931264,0.08841969076276102,0.020209072,0.3266137
-614.31494,15.435118,-31.174162,-12.592387,-22.41949,1.9981469,-11.209578,0.15721737,-8.7349825,-5.2472844,-9.366307,1.8755307,13.4909,8.935886,1.087607,-3.4242551,2.5012417,-0.96618426,-9.159961,-3.0805082,1.253481,-6.034329,-0.0452171,8.544168,2.0283022,3.8252406,0.27589843,-4.557156,2.1473753,0.16379969,171.13211,86.41719,40.648064,38.31278,25.77864,17.310389,25.925688,17.047468,12.718297,11.356543,12.48371,16.712824,23.935204,21.603796,21.034838,21.372532,10.500485,12.58146,11.552626,9.281312,10.813055,14.940807,14.614084,15.792619,8.0967455,9.084331,10.77155,13.00648,12.469632,10.537795,1154.7469657679203,636.887139536546,1819.9146412037037,0.21379484953703703,0.006176928,0.2602095
-666.6571,30.25393,-17.4948,-4.1078386,-16.672157,-15.477616,-9.4804325,-13.399698,-9.267764,-8.780789,-10.813991,-4.2278647,-3.8552935,7.8286586,9.586743,1.092003,-5.8101125,-1.7425088,-3.103744,-3.523985,-1.6353633,0.8381758,0.23438665,-1.3421193,2.094451,2.1941786,4.2726464,8.976812,3.6596053,2.1322653,146.3879,46.90979,41.062656,25.701536,24.004875,30.66053,16.976429,17.717453,16.7237,13.592624,15.753845,13.758669,13.321681,20.594042,22.812128,14.301248,16.250572,8.758032,8.374127,12.2599,9.556009,11.02672,8.791982,12.02976,10.945962,6.7004337,9.163222,14.815811,11.445998,11.297676,1348.7484586193145,935.4720023154255,2374.9289772727275,0.26643288352272726,0.0013105788,0.2982975
-570.02094,19.763783,-11.937172,-12.779121,-16.746572,-9.164732,-11.599818,-11.240459,-10.19106,-6.1056404,-3.2010782,0.58443975,-1.3317287,0.5940026,-0.2665271,-0.17849159,2.1357026,0.20900567,-2.5878873,-0.16786028,-1.3817418,-0.078779794,-0.80022144,0.88946503,-1.3152218,0.035082497,-1.383338,0.91528904,0.7506976,3.4563773,190.39027,34.30873,33.394253,26.75652,26.637556,23.041037,20.959476,13.669306,15.319284,13.855577,16.554924,14.287836,13.5867605,9.320538,10.454569,7.9416995,8.874773,6.713182,6.8621497,6.1698747,6.1927876,5.94205,6.7856326,7.741832,5.863525,5.8405123,5.4527183,4.1982374,5.7313037,5.2239714,1151.9626674685082,880.353430910292,2087.5710227272725,0.20197975852272726,0.006263573,0.3166642
-360.40906,30.057152,-33.28293,-36.710987,-20.903475,-15.887027,-4.563667,-2.6951432,-11.062725,-9.186943,-11.112578,-1.9037817,4.8558555,14.94812,8.301855,-0.37887982,-7.550946,-0.18794926,-0.97665626,-3.7763178,-0.20998597,1.1437728,-7.4765015,-0.35246027,5.3223786,4.6392407,7.7409983,3.3682365,-5.344804,1.7166612,152.00592,82.34993,50.738678,50.31405,31.69073,32.267326,17.282999,18.833359,19.114517,16.163801,19.618761,19.32552,22.728464,28.92119,23.876966,23.869629,19.499529,12.795941,11.917529,12.818772,11.575807,12.196642,14.6331,12.739633,12.026599,8.503384,13.7802725,17.191666,15.779022,9.963873,1338.266129583372,767.0161549731433,2178.0894886363635,0.22763227982954545,0.044081457,0.26809728
-463.612,-10.100972,-29.56049,10.495769,-21.189253,-3.9253693,-8.18342,-14.494227,-15.970032,5.7480607,17.004818,12.232811,-13.844865,-16.815567,4.157597,-1.8722584,-12.407089,2.7705603,2.6094658,0.10803785,8.558845,2.9869049,-4.371876,1.2192613,-5.3123426,-0.15823573,-5.1970906,-0.41403762,2.145615,-0.9211158,162.10507,68.5293,46.75898,27.3206,24.525795,27.94195,25.725819,19.431993,19.671276,24.955647,28.27986,31.665955,23.914902,22.440195,20.77309,17.446926,24.147577,18.355755,13.099844,13.111479,22.48323,22.200138,17.93611,11.188962,9.17468,8.229991,12.607619,16.000465,13.500892,5.892973,1482.2888764371019,670.5291754911872,2155.8948863636365,0.2982821377840909,0.017916242,0.24768025
-331.6471,-10.334121,-38.229176,-0.32809293,-4.890018,4.68449,-20.211767,-1.2990972,-13.087117,5.0099144,4.2838974,-0.8269405,0.03428693,1.1796067,1.1377397,-1.7984294,-3.886193,-1.765048,1.7949598,1.8614045,0.24818516,0.5742074,0.28740594,1.3672471,-2.3255074,1.2936937,-0.96432525,3.135629,0.48722556,0.1462683,190.37,65.93215,58.13018,54.613476,33.367455,29.114195,37.68663,28.277021,18.589529,22.639425,25.182865,21.978731,20.073687,13.949559,16.310781,11.794815,13.136929,10.175158,7.6960173,7.2464314,9.603669,8.530822,8.401935,6.7261147,7.168873,5.761642,7.87899,8.549699,6.1090302,6.3704457,1556.9552280780342,662.4013610660943,2230.2201704545455,0.29927201704545453,0.08816816,0.2637381
-275.50674,36.50854,-52.468056,5.7356105,-21.272484,13.0338955,-15.752191,-16.045624,-19.986279,-11.421505,8.647868,4.8474536,-12.694986,-15.039744,-8.764575,-3.9663186,-11.810891,-6.6017885,-0.48057213,-0.30299088,1.2222391,3.0262485,-6.7224035,-4.1987405,-1.3618338,-3.6796348,-0.8881178,-7.6116743,-0.34266543,-0.39855298,121.41952,105.07143,59.409363,53.870735,37.42754,32.841423,28.363504,28.51513,28.502325,32.598038,24.42344,27.945375,18.528505,23.863361,22.775455,19.195528,17.69377,15.803417,12.7207365,12.214197,17.953312,23.07182,17.787783,9.898442,8.171075,8.983024,12.02659,16.53798,11.595828,7.5535364,1279.472613863957,669.5950479526715,2074.684633027523,0.26979554902522934,0.08759867,0.293942
-573.8752,-3.093242,-21.169043,-25.330063,-18.92397,10.408531,-11.465072,-0.6959446,-9.704596,-4.73604,-7.391607,6.53957,5.87699,2.7894669,-2.5422385,-1.434698,-4.612527,0.3918667,-7.1452556,-1.9651581,-0.3391378,0.9619361,2.1048083,1.0693133,-0.5075453,0.08523645,0.013363693,-1.0972854,-2.2387578,-0.4268851,200.76733,91.049095,47.102734,34.795624,28.858551,23.390104,27.96476,20.236555,15.932254,14.68415,15.206633,21.589067,18.251526,18.79017,19.41659,12.624875,9.750282,10.143306,10.341609,7.788773,9.734332,11.553447,11.99769,7.817692,6.0989523,7.2467866,6.9831886,8.048431,9.610572,6.9335904,1542.6518608821611,807.1812642949088,2424.0813078703704,0.2978651258680556,0.007985357,0.34347948
-438.3737,12.857786,-3.3088903,-11.133328,-15.503987,-2.8997576,-4.984059,-9.198437,-6.305882,-5.765248,-2.8582084,-2.6499705,-5.6370397,-1.8512765,-1.9292072,-1.4496247,-0.9571986,-1.3417383,-1.0428369,-0.26857993,-2.4454155,0.3569638,-0.6528751,0.10583253,-1.9099389,-0.010924752,-0.05191102,0.69392705,0.5256578,2.0105538,174.2045,60.56197,43.264866,42.227768,26.565369,21.296204,15.544346,26.90961,16.738077,17.594515,14.526229,13.557087,9.839749,7.5361633,9.232349,6.4809093,9.320656,7.709265,5.6530356,5.3076496,5.38481,5.101481,4.868155,4.045298,5.151283,3.3277128,3.92308,4.6660643,3.8452063,5.466028,1502.5955193413008,796.3633507000795,2284.872159090909,0.2751331676136364,0.04119782,0.3155125
-286.54382,-22.818388,-34.472992,7.483199,-59.768692,-9.706239,-20.837568,-4.7038817,-19.394512,-0.45548305,-7.206589,8.783214,6.523135,4.214011,-1.889635,5.8294945,-6.5162063,-7.8724093,-7.799302,-0.1412256,-8.31485,0.94048125,0.63064,-0.49444583,-1.2791839,-2.3008351,-1.3169855,-1.8409141,-0.6139398,0.5186384,130.5932,77.77088,62.85872,57.521473,37.471046,26.825563,29.980888,19.874447,26.55752,26.170988,18.850254,31.05663,27.16985,27.696117,29.512247,22.62883,15.909758,16.297337,13.271781,14.598271,14.932963,18.924568,18.39962,13.769219,12.2124815,13.1217575,13.91689,15.834084,15.541278,12.501369,1719.895609565829,678.7701810824118,2409.5873786407765,0.380712416565534,0.07069909,0.2640735
-601.81116,70.492966,23.035847,-13.801028,-36.399036,-26.122385,-27.632809,-20.586575,-11.218092,-6.4086633,-2.7090507,0.7639114,-7.988698,-7.739357,-15.066602,-7.7939086,-7.9478416,-3.4290922,-2.4623067,-0.31036434,-2.0182948,-1.0316447,-5.0387907,-1.0724766,-0.48002896,1.6046685,2.2136402,3.0455709,0.59058267,2.5535824,121.60285,68.159775,36.52048,28.375843,36.732212,29.679636,23.112995,23.823935,19.701576,17.245724,15.349057,12.282319,9.913751,9.846435,12.206873,10.472604,7.2914424,6.9196873,5.2645802,7.3840995,8.106284,7.792439,5.4279213,4.494463,5.219942,5.2476597,4.438255,4.947807,3.9254422,4.3494716,1102.2120574379908,786.3148270212497,1759.7301136363637,0.284033203125,0.0027548617,0.33702573
-487.9737,9.385441,-23.502815,-11.159794,-30.799904,-1.9746122,-7.7186637,-15.819262,-1.3656957,9.5637,17.14793,13.757617,-6.172854,-4.211784,-10.187507,-4.06381,-4.9356575,-3.4424338,-3.0039616,5.2280226,6.594688,5.49174,-0.199077,-1.8591696,-3.716135,-2.6862574,-1.8128344,-0.3841005,-1.1513885,1.1160423,125.05363,33.996334,39.186436,20.529257,28.447895,20.103222,20.62799,24.7032,20.959858,19.618607,23.694363,24.80078,18.96461,14.984037,17.66099,13.749313,13.516122,12.716333,10.496095,12.040003,15.991543,17.306906,9.843167,8.270997,6.995981,7.1561465,8.275277,9.52763,9.659198,6.4616556,1239.604629355329,738.3700252766225,2032.539799528302,0.22347619398584906,0.014990969,0.24679027
-548.443,36.916763,1.2035869,-2.3583422,-5.2776265,10.207931,-13.918353,-3.6670477,-4.956871,-7.614583,-9.832303,-13.428245,-9.246371,-2.773749,-1.4744695,-0.9890946,-4.7852707,-0.561582,-3.3972597,-5.353163,-6.4461737,-2.6385536,-3.9061017,-5.3881636,-3.1342566,-2.7558327,-3.3154662,-1.909924,-4.4024673,-4.132091,177.49408,66.6747,63.484715,49.393486,32.09409,25.885592,21.026417,14.117822,20.355583,14.695269,14.846885,11.442046,15.218541,17.527924,15.843893,10.466295,10.025395,8.430522,7.798475,6.3337708,7.106938,8.036734,6.59355,8.515515,7.2250113,5.2104144,6.517575,10.680066,7.641216,4.7675586,968.0563015505074,755.5394380436985,1619.4094036697247,0.15670692373853212,0.011438627,0.3374804
-403.08572,26.155132,-28.432133,-35.09821,-26.246904,0.11060644,-12.457887,-5.5262213,-12.657864,-1.4765191,-11.21995,-3.0478098,10.81794,22.103691,9.017628,-6.1795273,-11.009071,-1.7081944,-1.7728543,-6.316611,-3.5916615,0.37056857,-8.401837,0.09475819,5.200118,6.566568,7.4552755,5.0201044,-3.1328537,3.068208,137.42348,64.59175,45.91681,49.917046,41.46279,20.646751,17.43478,18.250952,18.369843,20.788206,19.70338,23.73797,18.75198,25.704613,26.239962,23.01755,15.705449,16.471376,12.825661,13.623536,11.534783,15.221275,15.730757,13.714177,11.697501,8.348547,12.717405,15.629882,17.799324,9.874333,1157.5429067052862,713.7735120699068,1868.359375,0.2006258877840909,0.03212833,0.25377783
-675.97565,-2.8937385,-3.146114,7.5934663,-21.748785,-4.4318023,-9.560451,-3.6746933,-5.2185326,-3.0772598,-5.669739,-2.5553625,-1.3136588,0.15108955,3.4368994,-1.7366953,-2.6049855,-2.4656408,-3.5753992,-1.4823275,-0.5189535,-1.6044348,-1.5581807,0.8290722,0.6582716,3.1777704,2.8104928,1.0396518,2.1965957,4.1670575,142.81476,55.383904,44.101067,38.496185,30.779007,29.49981,19.988636,18.92012,18.984293,21.793354,14.5506315,17.58805,19.438553,21.26721,14.299688,20.031776,13.755016,8.744738,9.701497,8.780737,8.113137,10.113923,6.9655457,6.4182553,7.7716985,7.7938366,5.636335,6.932107,6.8766065,7.816628,1762.7014018508457,811.0590090712783,2497.052556818182,0.4194469105113636,0.0017169518,0.28792801
-649.302,-24.11909,-10.554585,14.012248,-15.441089,3.594866,-4.494747,1.1566808,-4.04065,3.1120493,-3.243081,-0.308626,-3.3201573,0.9059197,-2.7248194,0.5888638,-0.21471174,-0.62323684,1.9448425,-2.8901155,-0.22295722,0.9026073,-0.3034305,1.5079744,-0.5145617,0.48896006,0.12576558,-0.63732934,-0.38358906,0.5103891,143.14696,47.860718,50.00058,20.875128,33.231243,16.989103,10.707674,15.0195465,15.722135,14.199286,11.184964,9.943005,8.988274,8.777054,7.1270895,8.320934,10.4296875,6.1746573,5.8055377,5.511225,5.9126463,5.79062,3.563033,3.8958592,3.0645757,3.6218135,3.8901544,3.847061,3.2407384,2.6785295,1605.1766888813795,868.096891243816,2565.6467013888887,0.2919605396412037,0.0035323114,0.43286124
-727.9956,29.198257,0.47164497,9.140498,-6.4111543,11.179064,-0.19828682,4.3332267,-4.5572257,-0.53253853,-7.6296086,4.773226,9.29413,-3.0598025,-5.9591823,-5.019625,0.9037069,1.3550895,-7.234759,1.7053137,-3.5172498,-4.879074,0.19868904,3.1978655,-2.9432971,0.08479949,-5.0052485,-3.084931,2.9180331,-2.295726,140.34937,68.400444,30.32313,28.948854,26.217724,30.416023,25.518799,15.082293,17.126997,13.552644,15.046724,17.352339,15.846185,10.519869,12.384147,12.258964,11.972047,9.940794,6.4340286,10.370954,10.220025,9.987496,10.18122,8.679139,5.7640643,7.5533094,9.599436,9.7556305,10.641968,7.320569,1448.3105510468545,907.0961695693932,2379.5633761682243,0.34823123539719625,0.0015049366,0.29330674
-410.28793,-22.628365,-51.14821,-23.304876,-12.374816,13.268858,-17.805536,11.443826,-14.177963,-10.278879,-4.6082745,0.085042864,5.414703,12.034115,-1.6243242,-7.460152,-2.1290133,-2.410281,-8.196666,-2.7453995,-1.5744355,-2.8864002,-4.851022,2.3753352,5.0737996,2.3038623,0.86629945,0.36897376,-1.0958967,-2.2513702,168.31151,66.62192,37.28058,51.652515,34.560898,31.21956,22.136734,22.732365,20.112803,21.900555,18.396381,15.392539,21.56776,20.345348,17.263256,18.649338,11.640844,14.810966,10.921452,9.497601,8.983967,9.397484,11.197944,14.001764,10.122142,8.551137,10.907063,10.665417,10.956944,9.00843,1643.8157704320674,735.6505698413212,2408.76898364486,0.3408978898948598,0.024761386,0.24958768
-428.81085,-28.664562,-69.91809,-16.221144,-10.553537,19.000147,-25.732676,1.7078246,-16.233131,-11.169608,3.1564326,12.760331,8.383711,-2.131042,-6.7226624,4.736961,-7.1287055,-3.4114864,-3.931654,-3.669441,-4.501751,0.69204044,5.425853,6.194292,-1.715242,1.6531305,-2.3359504,-3.4784925,-0.69827986,-2.361843,158.73904,60.13815,50.407272,40.493404,38.797153,35.962234,29.359169,28.069921,30.112206,19.849728,19.095018,23.632042,25.25062,22.443712,21.54618,14.158062,16.375425,10.104608,13.033604,13.163888,14.127309,15.480269,18.260143,13.222619,7.046211,8.709398,13.655831,13.245289,13.046748,12.280064,1754.824117083157,695.0356679987912,2402.9643691588785,0.4115937134929907,0.016106104,0.2395175
-584.69574,56.051205,-23.630919,-27.537096,-30.345968,12.195511,-8.947741,-3.6290216,-14.851203,-12.139201,-10.247483,-3.4469135,5.8520403,10.579183,2.8528242,0.23893207,-1.7491518,-0.22007336,-3.6765785,-3.613924,-5.085027,-3.207184,1.4132366,1.3654481,0.05654431,2.026951,-1.7242148,0.8282264,-0.9699448,-1.4431232,169.347,75.78226,53.399727,41.932316,28.4757,21.520018,24.750025,17.741316,14.559639,16.929512,14.621401,14.358776,21.932642,15.24076,16.839863,14.611315,12.093956,9.875601,10.825866,9.265875,7.912664,8.068326,11.500248,10.491635,8.031103,7.480327,7.524674,9.354103,7.068381,6.6814446,1214.2350529173734,761.0502431300957,1944.61886682243,0.2869998539719626,0.0066918386,0.2972341
-461.12625,-14.790258,-43.833897,-6.919184,-6.6721005,6.4422197,-4.5254183,-0.09017846,-13.38897,-0.18488166,0.73674124,8.439897,-1.5028273,-3.193498,-3.388598,2.984812,-6.764111,-1.4199675,-0.34063387,-1.5793126,2.8510268,5.083031,-3.0220356,-0.31205407,-1.3841196,1.3516208,-1.1872895,-5.128252,1.626698,-1.5894738,157.20052,56.773304,59.291603,38.87587,21.963251,14.859499,15.345944,19.17086,20.819094,11.791513,16.177086,19.870169,19.144642,21.059135,16.629549,10.318426,18.305702,15.156933,10.596261,7.388863,18.36456,17.348404,14.8237095,9.563164,6.2967906,7.556267,9.844515,15.548596,13.694429,7.600954,1319.7985919924213,696.9040384539494,2056.950934579439,0.232380804614486,0.032528326,0.28493658
-413.65378,-18.823715,-68.50663,-20.707333,-2.1617243,-3.1790326,-3.4301624,1.6266059,-14.013261,-2.4488778,-10.617776,5.531867,1.0125566,9.828451,1.4873561,1.3641543,-10.679867,-4.0300756,-0.52447665,-2.435247,-3.8471336,6.022185,-2.862507,-3.3119118,0.98135376,2.6770675,-0.48066023,-0.17884378,-0.6549171,-1.3278983,157.8246,83.51965,53.7939,48.654457,34.98163,20.066195,22.138935,19.790104,16.329079,13.367371,16.314054,18.795689,21.53233,29.074007,21.331917,17.428051,17.690617,10.439652,10.936972,10.99497,14.391344,17.356283,14.798618,12.278344,8.827919,9.0499735,10.559594,16.59749,12.514855,9.489958,1427.9788943491506,602.3328898776753,2079.001168224299,0.29688412675233644,0.03476333,0.25932202
-428.1137,-16.00066,-43.307083,-33.968586,-20.617208,10.049983,-21.310923,4.463095,-10.791022,-4.9690585,-7.8253264,0.38773286,-1.8477108,10.129744,5.609943,2.5479805,-9.780905,1.1198072,-2.7283018,-5.693227,-2.0169563,0.6111744,-1.1956722,-1.549996,2.0330284,-0.42371097,1.6680838,0.14947096,1.9022785,-1.5219731,200.656,78.06076,36.944923,46.27693,30.27612,24.109869,33.930775,29.400398,24.493998,23.590239,17.988758,15.044872,18.203815,22.717203,17.261591,17.809126,17.282267,11.163218,8.996881,9.817555,10.63932,10.975273,10.104303,13.77567,8.363696,7.873996,9.539732,16.00777,11.1207,8.889222,1705.0342144638669,758.4506800561419,2456.2280957943926,0.3921172240070093,0.023485834,0.26005444
-284.36325,-71.61176,-40.834457,5.7976966,-28.118074,7.9300804,-37.04866,11.134169,-9.53019,-13.744662,-7.865689,1.6949427,-1.7000662,6.6343594,2.006495,4.6269217,-10.360271,-5.616718,-0.93612415,-0.889171,-9.120982,-0.55898654,-1.4634507,-1.8146234,-3.7419326,4.726681,-0.050752565,2.3051803,1.2783208,-2.1175168,126.53882,63.400116,36.534615,63.421715,50.190826,26.042833,32.83552,31.458046,30.800875,30.823967,18.598112,14.61904,21.876577,20.765654,19.82925,15.623548,14.030504,13.872005,10.69965,9.717538,8.496154,9.715721,9.551995,10.487976,10.8104725,8.015956,10.231551,11.275273,11.223973,7.8432016,2122.7924589545764,682.5631357820018,2768.691588785047,0.49111966997663553,0.06688367,0.25447458
-784.06665,37.211414,14.050848,7.3080335,0.19276991,0.27118254,0.44828478,2.5752904,-5.6720786,1.2280651,-5.204831,0.38952273,-3.9863524,-1.348177,-7.516807,-4.334458,-3.081577,-3.0509763,-4.5044155,-0.1323521,-2.0144608,-1.5320988,-3.461721,-1.8157284,-1.7252008,-1.5367694,-2.78677,-1.0108377,-0.8017699,-0.39128038,88.66455,55.97118,46.41169,30.128017,33.719345,23.356216,23.296795,14.855153,15.708133,12.1421585,12.629665,10.389233,11.898407,10.688404,8.963918,9.430071,7.80443,7.7135615,5.765336,5.654765,6.0536976,5.54035,7.344738,5.8065443,4.6290565,4.878065,4.9499397,4.7532187,4.6501045,5.681309,1344.9680227534457,884.2578665136508,2238.3887614678897,0.2823340739678899,0.00042134916,0.32718143
-492.5359,37.81173,-1.5892123,-22.368774,-27.981195,-23.163889,-15.968511,-11.779486,-9.222541,-1.6312486,-1.2899678,5.8358583,8.8412485,11.141787,-3.7912,-5.911411,-4.512761,-1.324904,-7.552979,-6.326285,-4.5464554,-4.620888,-3.1155891,3.1462243,7.85124,12.977788,6.123214,2.2703254,0.5620708,-2.6993577,125.378845,46.64143,30.701044,27.375706,27.238993,21.361193,15.171999,14.820756,11.825574,13.993561,20.454258,23.61029,23.054932,18.968004,18.303617,15.663461,11.878372,9.90756,9.045281,11.928557,9.880209,8.9278345,11.255537,16.427305,13.020147,13.738417,15.390993,15.7875805,12.261154,9.154741,1012.1211232808495,840.8846502355168,1888.174715909091,0.13599964488636362,0.0143440785,0.23933373
-335.74435,-6.331061,-53.218113,-25.301691,-14.558863,-0.85330474,-22.421331,0.4831357,-23.1527,0.82720524,-13.604971,3.074996,8.746644,3.96001,-1.5666969,-1.0152913,2.3993742,-2.5676472,-6.153576,-0.7478401,-6.352627,-4.1797366,1.5375565,5.0306044,-0.77743775,0.6333935,-2.7159681,-1.4326992,0.58590007,-3.5106943,152.04463,84.01316,45.62525,48.356686,32.29559,35.979435,20.914877,20.604242,20.928223,16.113104,20.917055,24.347656,24.602335,23.213694,21.266792,18.974663,15.866191,15.4726925,14.40916,9.886172,12.646873,13.537056,16.19475,11.449478,9.228882,10.22229,10.799205,13.038056,12.648989,10.891912,1578.500472595585,684.75467144414,2256.1011904761904,0.32911551339285716,0.0489446,0.2726163
-287.7734,14.204822,-67.81987,-46.18963,-23.702017,-10.484363,-13.517586,-0.3424622,-21.461544,6.065356,4.8055863,17.530321,-8.826022,0.95992893,-3.0725565,-0.5224092,-10.839875,-3.519351,-2.624183,0.49754947,-1.4935492,4.281881,1.3466153,-0.77752554,-2.1050184,-3.5954883,-2.4920738,1.1326897,-4.0620666,-0.6527167,157.46384,90.086395,64.284134,60.20712,39.597717,33.853195,27.732824,24.348597,24.590244,26.64064,24.044615,28.9503,28.164948,26.65419,21.93538,17.84154,13.323188,14.763198,11.606006,12.3005085,14.1637335,17.647032,13.445588,9.414492,9.894917,9.995782,11.186912,13.015769,11.113763,8.047088,1435.5420547444542,639.4259737208912,2045.432150900901,0.31454990146396394,0.08201091,0.2562403
-512.8814,32.023808,-11.445294,18.545456,-9.388139,-8.053916,-9.231565,1.5720922,-14.224123,0.10684305,-14.202407,-6.654062,-1.2332568,-11.466998,2.60529,0.71486074,1.3651693,3.6395185,8.289827,11.222365,8.585598,-1.1143835,4.5866213,-2.811119,-3.0122855,0.64699274,-5.523961,-2.7846637,-2.3991945,-3.0926125,126.85714,36.94116,36.344822,25.163532,27.684341,26.235744,24.766293,16.233442,27.514883,17.747204,21.953691,17.62455,12.739463,20.834263,14.324878,16.995749,23.007627,22.415794,17.70748,22.496004,18.990381,22.21527,19.232567,14.752978,17.199577,12.125851,13.233165,15.768076,11.057609,15.34479,5092.973080159251,4313.590573229282,9764.832987420243,0.17601576094837587,0.02945808,0.3125877
-425.6063,25.262283,-32.83087,-1.9392313,-11.952807,-2.3785968,-12.558082,0.28346425,-9.882183,-11.474646,-8.021188,-1.6368728,3.4221475,-4.2153325,0.3039296,6.2327805,2.358729,-0.2639881,6.092532,1.2938366,1.1825968,0.03685702,-0.08969336,1.723741,1.3735715,-3.0761554,-3.7307627,-3.9418988,-4.852561,1.1299539,85.05548,32.834484,52.14336,21.454601,34.482616,28.320604,23.234133,25.625935,16.750496,14.727707,18.13487,16.396574,15.5039015,14.430225,17.820517,18.48751,18.151878,17.207527,14.690596,17.178804,16.9759,16.328585,14.777647,14.991327,14.30421,15.196845,12.277978,13.700585,12.573794,10.158089,3869.714875775255,3359.739987263422,6935.090315037703,0.11166912884280743,0.034428157,0.260437
-425.33212,24.5295,-34.985348,0.21394242,-7.753673,-3.4039838,-10.617435,-0.3515942,-8.200863,-9.256463,-4.8801003,-2.5316794,2.707966,-4.1052313,-2.882687,4.5744457,-0.53670037,-1.2958293,6.098862,0.36566147,0.3444691,1.939145,1.4250146,2.0222857,2.19304,-2.876581,-2.9531336,-2.8691607,-2.88143,1.3377789,87.99219,33.534313,49.17435,21.167538,32.311436,27.237642,21.012714,30.25725,14.856798,17.022507,15.87102,16.055204,16.473295,14.507598,14.943645,16.959274,16.324366,15.349641,14.076004,17.225557,16.500277,15.9676075,13.304489,14.693318,13.666886,14.315473,12.286579,13.389102,12.299205,9.782152,3413.8541279658457,3253.926329511035,6165.540598716648,0.09436176769141531,0.034721646,0.26263216
-425.63553,23.560665,-29.989773,0.5578183,-12.9220085,-6.944294,-13.753303,0.9386788,-8.752229,-7.2274013,-6.9260397,-2.59451,3.6596832,-5.496289,-0.8907565,6.314759,4.143488,2.7815773,6.0257435,-2.089663,-2.0146239,-2.2108054,-0.7509159,2.3168528,3.3335643,-0.8443827,-3.0208352,-3.6796503,-4.2701902,1.2121611,88.18801,34.76368,50.159122,23.81126,31.567282,32.217697,24.153027,32.02301,16.284683,17.416103,16.209017,16.701973,17.798273,17.112234,15.296762,20.29272,18.666193,16.211588,15.929199,16.428007,15.727691,13.925768,12.032282,14.410581,13.482281,13.6364355,12.048689,12.009344,11.286396,10.026877,3734.121448101139,3466.4987678043867,6818.081587151973,0.0962877030162413,0.03506701,0.25217256
-476.5333,28.406322,-11.792014,17.460901,-8.656076,-12.1521015,-11.743115,-0.047691114,-13.365404,1.296331,-11.042597,-7.648929,-0.6836346,-10.20233,-2.164597,-5.348362,0.07152074,1.4500967,7.054812,12.475412,11.666946,3.12909,4.612275,-1.1071918,-5.5814185,2.7964506,-3.007258,-5.4393897,-2.5220401,-5.0443225,118.62059,35.524364,31.344873,25.590446,22.189217,26.65166,24.090563,18.106623,19.27014,16.278852,15.241931,15.665746,11.478682,20.48169,10.922116,11.990782,20.813297,15.198604,14.521732,22.582735,20.390955,15.793703,21.36182,14.916943,15.829575,13.475722,10.017916,13.207918,9.862082,13.1044,5316.279825946007,4436.982907520959,10259.34724387326,0.1730622824825986,0.032926485,0.30202708
-474.89365,24.958767,-13.068387,14.734279,-7.9066067,-11.202379,-15.160263,0.95412576,-13.208886,1.2572471,-11.516681,-8.882872,1.5152956,-9.574157,-3.9122872,-5.560774,1.944719,2.2315364,6.412926,13.041659,12.8886,3.7226,3.9081092,0.35038543,-3.8299189,0.90121144,-1.1602467,-3.281762,-3.8706694,-5.63383,115.68256,33.96332,31.877514,22.834377,21.19654,26.24138,23.1558,18.516987,21.259224,16.161953,16.189514,16.353405,13.048823,21.011599,12.199586,12.60552,19.372948,14.708235,14.622747,21.767067,21.209856,16.672802,19.225367,15.751943,14.859946,14.626646,8.769789,11.314346,8.80094,13.058813,5172.049006664058,4431.698721193356,10036.92074662848,0.1611305466937355,0.03173972,0.30706033
-457.96173,19.214012,-13.913133,9.458955,-7.956492,-11.221259,-11.368246,0.13653904,-11.034428,-1.8508649,-9.028412,-5.985926,-0.48375812,-9.68821,-6.233519,-5.141484,4.9716697,4.1777053,8.705824,14.721736,9.306092,2.2157466,2.0135062,-0.48997155,-2.0509288,1.4172018,-1.8503805,-5.07694,-5.004687,-5.6944017,88.188324,30.137156,33.784855,16.90324,17.561747,22.813057,17.665953,16.63639,13.7190075,15.122337,12.560367,14.486583,11.256764,16.872047,11.443955,11.760606,17.714392,15.969741,16.109844,21.020746,19.04507,17.702326,17.380272,13.073447,12.199548,12.015414,7.8499255,11.051874,8.973364,12.378193,4430.357431265304,4116.306886097821,8500.818975674303,0.1273451094837587,0.032608353,0.27597368
-462.4973,17.969524,-14.755775,9.8904,-9.55351,-9.395637,-12.177372,-0.46115115,-11.784461,-3.977225,-12.162313,-6.920765,-0.3359746,-10.514028,-4.6651516,-3.4415874,6.5749755,5.3593693,9.282419,14.963523,10.450896,2.0842483,-0.019242076,-0.943821,-2.1298575,2.2769945,-0.7882513,-5.750102,-5.8094325,-5.6447215,73.791664,29.577303,35.639217,18.164299,19.315393,27.163294,19.600388,17.96438,15.886026,18.508179,14.879476,15.964092,11.0298195,18.136074,16.808966,16.035576,18.600965,15.909344,16.071321,22.271837,19.219786,18.891953,19.02379,13.965227,13.720079,13.3049755,7.833477,11.320316,9.864798,13.505632,4314.599978696182,3961.583487289469,8073.60222411543,0.12572619090777262,0.03151971,0.24834886
-454.4815,20.896229,-23.105003,10.40326,-9.013594,-8.233122,-13.979444,1.1312208,-14.197664,-5.5385404,-11.7964115,-8.138269,1.229755,-9.704554,-4.037229,-1.7913907,3.0736187,1.2581673,8.551683,14.072459,12.661818,4.2888556,0.9240516,-0.98636734,-3.4778264,0.46162036,-1.1771064,-5.2144613,-4.5390186,-3.224431,79.18656,32.35296,52.905186,20.803465,25.81466,29.314623,19.994102,18.22327,17.277489,18.740381,18.710672,17.01479,11.415977,19.05319,18.36772,19.010847,18.57116,19.924839,16.513739,22.431059,20.218283,20.250505,19.411886,14.8443775,14.411919,15.359522,10.041385,14.089993,12.191846,13.513201,3750.620599890006,3672.052962098746,7162.11322687065,0.09791341901102088,0.03671465,0.24272332
-425.6972,102.40832,-1.470932,31.57372,-10.148674,-3.1273978,-20.943106,-10.222548,-6.424236,-0.15823938,-15.674094,7.2918134,-4.0438704,-14.929185,-3.8873553,-10.632633,-4.106824,-12.66886,-3.876971,-3.689097,-1.76526,-3.5656648,-4.206657,-5.637335,-5.8909864,-8.17472,-4.274764,-4.0766683,-9.168787,-2.8195977,114.91307,41.09017,52.177433,31.984673,37.320103,33.8586,26.732658,33.473274,30.07886,28.656607,27.26697,22.742493,27.613878,30.825855,21.383131,17.06364,17.23656,16.880848,16.781786,13.622628,13.2357645,12.741871,10.584114,14.309192,12.984155,12.843599,13.600627,12.415347,12.09399,12.763562,2570.368261773228,2697.5936477320515,4905.873196418213,0.0775336245649652,0.03674626,0.28410757
-390.4228,71.01223,-16.4425,13.539536,-10.026005,-15.425144,-14.911973,-0.2905098,-4.5745115,4.77698,-10.708953,5.073359,-10.492549,-15.389626,-3.75026,-2.7607455,-6.0349298,-18.364227,-3.1969774,-3.1053963,-0.31731582,0.44147068,7.0893235,-2.5399497,-3.154636,-5.446943,-4.266099,-2.4092627,-6.292094,0.5459658,107.08839,47.79123,63.220093,26.745695,26.71881,41.818775,23.204512,25.034157,24.420622,21.845675,16.794867,16.856638,16.910076,20.310356,12.442308,16.7733,13.472978,14.60754,19.57062,16.17228,15.714398,17.814259,19.970266,18.708849,15.0155325,14.692519,14.659072,16.941093,12.7071295,11.027444,2522.257108830473,2907.221887650627,4590.069537594258,0.052605224042923435,0.055398088,0.27758104
-385.4984,73.89886,-7.7766232,21.709373,-8.745172,-20.929134,-12.838024,-4.5266643,-10.897752,5.8013883,-8.013173,6.8080215,-6.66239,-16.089317,-6.1648016,-4.611604,-9.803942,-17.27121,-2.0210998,-3.6297023,-1.6851951,2.1564388,7.3880377,-4.0471354,-1.4963025,-5.6018248,-4.781905,-3.5254586,-7.21686,-0.32910383,104.80425,40.91874,59.85113,26.905256,29.660847,38.07342,22.37928,19.68153,21.108873,16.827349,15.815237,16.154669,17.975077,20.292524,10.420668,15.208323,13.458857,14.396427,18.069775,16.620007,17.317886,17.103945,19.500908,19.413021,17.479137,13.467595,13.561409,17.356186,13.80546,11.013167,2476.971332548903,2831.6887485233915,4505.385594910093,0.055421621229698376,0.054974,0.29743275
-401.53247,67.67591,-4.8168616,23.895042,-5.704294,-16.98802,-10.08437,-4.7961445,-12.2702675,5.7421503,-8.224167,5.2616396,-5.8102884,-14.709954,-5.0343533,-4.113878,-9.903197,-17.576918,-3.666722,-5.807858,-3.562768,2.3163452,7.4376216,-3.8683114,-0.43667758,-4.679652,-5.1022096,-4.0284,-7.8444433,0.14247961,101.28897,44.01022,62.513268,27.789253,29.333261,41.310825,24.135612,23.085142,21.74383,13.883899,18.51492,14.616729,15.159517,19.644348,11.289692,13.800495,12.277784,15.873448,16.92511,15.991957,16.036198,17.241955,18.544096,18.074568,16.57843,13.700033,11.935866,16.91944,14.213131,11.981814,2363.167591377882,2816.6920433736636,4226.852863072796,0.05118456351508121,0.05363955,0.2947442
-414.30634,61.99067,-2.0438778,24.525688,-2.478199,-12.330316,-6.478749,-2.281873,-11.027928,4.248619,-8.04235,3.1434298,-5.0466104,-14.176692,-4.0823555,-3.6292462,-10.082906,-14.264418,-4.0694137,-6.7856174,-4.6052127,0.121468246,5.34699,-4.222716,-0.66499436,-3.6234667,-3.882416,-3.9892347,-7.4929633,-0.69869846,108.0614,41.88866,62.540516,30.322954,30.73644,41.565575,23.279911,24.257113,22.14971,13.851852,17.717592,13.743301,14.416964,18.345047,10.301259,13.101841,12.716439,13.739279,15.422478,14.522335,15.605075,15.123377,16.76042,17.406742,13.964875,13.02583,9.973096,14.382338,13.619505,11.256184,2171.376060403857,2672.596449657012,3809.778200224768,0.047722411542923435,0.051306885,0.32154137
-395.38617,57.195316,-8.405842,23.530582,-2.7411532,-12.941696,-4.413793,0.215709,-10.922377,4.088054,-7.9441285,4.2545695,-3.9373472,-13.779575,-3.6553693,-3.7832952,-10.961747,-14.820138,-3.7602508,-6.160116,-2.8624957,0.70869344,3.9137175,-4.673304,-1.3038458,-4.685031,-3.9402795,-3.5443797,-5.895398,-0.4395126,102.607864,41.112522,65.47236,32.93369,29.01185,38.84924,22.636265,22.072102,22.108974,13.637683,16.913614,14.046382,14.499231,16.246704,12.178819,13.303238,12.535481,13.5885725,14.946368,16.469925,17.787172,15.8396435,16.247446,17.41452,14.3683815,13.525628,12.893134,14.040128,13.303551,11.548715,2140.0722860981446,2593.1714877651934,3509.0128108686195,0.04591882975638051,0.055963248,0.3198474
-440.71033,70.25801,-3.3106413,27.16876,-0.8623796,-7.676282,-5.086556,1.3005489,-11.614851,2.2365837,-10.730829,1.8251404,-2.347431,-13.271646,-4.49873,-3.9267342,-8.843491,-14.579958,-5.6326103,-8.005479,-3.6655602,-1.4514952,1.0914502,-3.8176973,-0.9739053,-4.804771,-2.727217,-2.8048348,-7.0331364,-1.4992902,123.7038,47.820305,78.31795,38.026997,34.758324,36.64387,22.248081,22.049038,21.215061,14.909454,17.416477,15.599556,15.628881,17.3841,12.940854,13.241386,15.305595,13.419773,13.6620245,15.967913,18.069351,14.776237,15.822409,16.540165,13.607922,13.728417,12.224291,14.203741,13.826189,11.96279,2075.0561469160257,2531.284155261719,3482.0838167053366,0.043503480278422275,0.049729522,0.3426963
-483.147,66.358154,15.168003,32.126938,8.824531,4.3699436,-0.12909403,2.068644,-8.466859,-1.6512119,-11.701594,-2.5335393,-5.352368,-11.426262,-5.274511,-6.0349784,-7.4803543,-13.073552,-6.529789,-7.7948074,-5.0721965,-4.2603116,-2.7297788,-3.768082,-2.1494431,-4.054545,-3.2307587,-3.1252792,-5.9171658,-2.2563157,127.440475,38.257523,68.18446,29.6653,34.769382,26.966162,19.196468,16.34246,17.374645,11.517775,15.902062,11.886356,14.28647,14.521975,11.394307,11.4133625,11.122179,11.323594,13.655229,14.050391,13.862656,10.858245,11.524706,14.264876,10.67151,11.279508,11.736355,11.3994665,9.569385,8.6544695,1763.6468503436802,2644.953034565322,2803.8128987819027,0.03240669409802784,0.03133341,0.42689055
-474.72333,63.800854,9.36575,31.572945,3.501251,2.383188,-0.98261416,1.2550267,-9.116971,0.031025898,-13.165483,-2.2705703,-4.1296787,-14.1658745,-4.579518,-7.1267085,-6.6181817,-12.242996,-7.8108735,-6.1178646,-3.5883799,-3.2080445,-1.5834024,-3.2332761,-2.4123094,-4.398598,-4.6235723,-3.546717,-6.2867084,-1.7302066,137.05428,39.69301,64.74657,26.712978,35.633644,25.823143,18.004353,16.961182,18.121706,11.858963,16.937323,11.154152,14.63334,18.256033,11.060628,11.564365,11.279056,11.055434,16.403204,14.303554,12.425911,11.075648,13.38668,14.82308,10.937553,11.45183,13.295453,11.926044,10.6704645,8.509044,2065.9262732090842,2904.9202960573825,3538.1900512978536,0.037004015008700694,0.034078956,0.41580275
-478.61588,63.928997,16.032114,30.255688,4.26508,0.3755755,-1.8936688,-0.7532571,-7.526069,-0.80905,-10.411084,-2.9458761,-1.5519198,-12.860892,-3.7874498,-5.9084363,-5.111431,-10.749411,-10.1846485,-5.159296,-6.056382,-2.82295,-0.616919,-1.860132,-0.591636,-3.7133574,-6.7227106,-5.107026,-5.7500386,-1.2055355,111.50817,34.638172,57.570724,27.929054,32.638874,27.153568,20.535866,16.67703,17.178102,18.231478,15.3430805,11.137912,14.283459,17.742155,9.4243145,9.840699,8.859515,10.136933,14.5867605,11.401939,9.077445,10.160068,13.566948,8.288223,8.824686,8.909112,11.133603,8.317123,10.122101,7.609012,2213.686925320914,2845.2290591829633,3954.4153766676336,0.05284539950696056,0.02313163,0.4171428
-420.5253,98.92365,4.167623,19.295366,-9.987973,-3.1407292,-20.192255,-13.733212,-4.744042,0.9133941,-13.566308,4.8804708,-8.8984995,-13.560115,-5.0056057,-9.255107,-3.5557632,-12.184317,-3.7686193,-4.855914,-1.1820176,-5.4091644,-5.5743027,-5.2371287,-2.1292136,-4.683685,-6.6902018,-3.3818614,-6.661536,-1.6384374,93.168144,37.885494,52.419853,35.042355,38.297146,28.692024,30.912134,31.473915,25.824047,23.326748,22.53229,26.023266,25.238646,27.335093,18.493862,16.46357,17.17541,15.643054,17.924685,21.297722,14.413089,15.048816,12.686207,15.823821,12.084726,13.24509,14.418909,14.348055,15.712461,12.681124,2456.598460445577,2558.11656080946,4743.74966012906,0.07033289225638051,0.036587626,0.2809901
-487.99246,70.539764,15.494497,36.132137,5.2353497,0.78297484,-2.5720036,-3.4350777,-11.113214,-1.6237377,-11.363125,-1.327105,1.5556383,-14.213892,-0.995434,-6.4987707,-6.1105547,-11.528331,-13.102095,-2.9481697,-6.0076075,-1.7747961,-0.05942169,-3.8295712,-1.4489625,-4.6259274,-7.6458044,-5.740865,-5.8305473,-1.9139965,117.97884,32.436592,66.651085,30.468967,37.505825,29.517591,24.43961,16.91244,21.298601,20.489553,18.640484,13.667702,13.7725115,24.457699,10.512592,11.073936,8.993934,12.259435,14.481397,13.461182,10.862313,10.81193,14.4218445,9.279477,8.411399,8.685293,11.899525,8.5230875,9.083306,7.6704273,2301.687061318863,2826.899388684354,4323.977101761891,0.05828333454176334,0.022407103,0.41607127
-478.76584,75.208855,10.373376,33.442223,-1.2472414,-4.5164456,-3.3904865,-3.7380452,-11.393391,0.00428379,-12.388601,-2.4340935,2.5895953,-14.407204,-1.0907438,-4.7322764,-4.5166974,-11.682507,-14.030269,-3.336569,-4.6983514,-0.20482874,0.59195477,-3.049072,-0.11660221,-4.838117,-8.951154,-6.258557,-5.128575,-1.7081472,118.64787,36.35309,66.48375,32.592377,35.897736,30.16335,27.73348,16.829775,22.520815,20.645405,19.622824,16.098312,13.817714,25.297966,12.1441765,13.239351,10.1913595,12.546284,15.022906,15.16022,11.601489,11.335867,14.512034,9.6967,8.723357,8.992339,12.451779,8.513082,10.552542,8.507576,2465.8923304420587,3024.854601103353,4727.76213112674,0.05826180938225058,0.023764985,0.38352865
-471.3398,79.67601,2.1630332,28.324215,-4.476015,-9.931312,-3.6846378,-2.2021446,-12.286207,2.2348993,-12.930918,-4.470989,3.4292674,-16.036201,-2.8353367,-6.144392,-4.044259,-9.706503,-12.98963,-2.5973425,-5.170646,0.051551625,0.8430258,-3.501207,-0.36373484,-4.860611,-9.064256,-6.019232,-4.5942144,-2.2667906,122.60789,38.50551,59.54047,29.587517,32.446705,33.475727,29.608513,18.095367,23.66688,20.186563,20.486034,19.720167,13.465339,26.212442,14.551185,14.787445,11.427738,16.036179,16.969019,15.782707,12.813928,11.787247,14.678493,10.606592,10.060592,8.7553835,12.560449,8.758294,10.496453,8.733924,2524.5581944522332,3055.5628423419666,4863.656127646462,0.06403168503480279,0.024384147,0.36669803
-427.6699,36.95482,-31.802172,4.055464,-22.735119,-16.271317,-20.87396,-13.203599,-10.042741,-5.962824,-12.60656,-12.426221,0.033191513,8.753513,13.263136,12.366066,9.65308,3.9097505,-7.2611136,-8.493814,-3.5550869,-7.1074257,-3.9671798,-7.4788113,-11.274606,-0.19123645,9.422431,4.7056274,0.954521,-0.71603405,70.553474,35.42712,45.08384,26.419674,22.293978,19.180964,23.448044,19.05345,17.2625,16.772333,17.09224,22.3041,20.59531,24.66632,24.704327,22.179602,17.303589,31.27279,25.122929,24.134018,17.678967,16.026346,15.30945,16.671654,17.073393,17.516645,22.207146,16.578411,15.956885,9.062082,2744.547150335845,2636.644569515056,5028.277715342228,0.0748905615574246,0.042365894,0.18288323
-426.3093,35.827133,-33.01357,7.3117557,-17.140394,-21.004065,-26.496284,-13.494682,-12.283704,-8.529497,-10.66778,-6.727169,4.946505,10.874288,13.38271,11.620457,6.159471,1.5141664,-7.681976,-6.099124,-2.0819645,-8.350813,-4.271613,-9.717536,-10.436494,1.9277653,10.886526,6.3348794,0.3905236,-1.4167391,67.03175,37.582947,44.74728,28.046251,23.073542,25.329641,23.217133,18.116333,17.144619,18.89564,18.206442,19.453619,19.236588,25.70784,23.498438,19.2657,16.83709,30.811275,24.031813,20.7569,16.317167,16.415243,13.480291,14.336139,13.431619,17.280556,22.296028,16.313572,14.850076,8.903008,2803.0343959883703,2668.4192099969223,4977.3174666473315,0.07365343133700696,0.03969138,0.19077756
-419.07394,25.867401,-58.324703,9.214252,-16.08063,-11.524732,-6.354052,-4.714204,-11.133215,-13.0561,-8.475887,-10.458213,0.06547925,6.371341,15.091787,15.12142,3.2303398,-5.078734,-10.888183,-4.046245,2.1215394,-1.0997139,-6.167459,-13.149897,-7.076399,7.951868,12.517035,0.29923597,-4.970594,0.81301004,53.75361,50.165146,54.405075,32.92763,25.613361,21.344553,20.490639,22.240843,14.227413,14.769787,12.792033,18.098858,23.014591,28.11612,20.488024,21.505285,27.285341,31.805597,24.760592,22.14201,21.11762,18.774357,13.977486,19.437893,20.357132,21.078236,25.36865,21.10875,17.013065,12.2949705,2892.644713872615,2238.2865271251553,4571.883723354118,0.09402189675174014,0.05846642,0.1999517
-421.34344,23.17471,-56.77134,7.971206,-11.15103,-6.7317276,-8.490464,-7.062617,-12.675307,-14.271166,-8.849971,-8.357842,4.4401584,9.002699,14.750188,14.68498,0.8656442,-10.022823,-13.890172,-4.1098,5.3164926,2.3475637,-6.712935,-14.565498,-7.5252166,7.857617,15.859007,4.2642465,-5.5960445,-1.1367066,67.94898,48.005157,60.899403,37.528694,25.26608,20.093431,19.562857,21.696192,13.632633,14.504402,12.079737,16.269365,18.386143,26.888521,21.64225,20.767576,25.988543,25.97953,22.73733,21.100069,16.530685,12.438156,13.590167,18.866709,19.187132,21.15349,22.233044,16.80128,14.795122,9.533774,2852.0204212822578,2390.7960338190774,4471.412095780162,0.09062432025812064,0.05264833,0.22505055
-443.9657,24.324837,-43.11704,3.293303,-10.598283,-6.3488016,-11.006603,-6.83808,-12.129035,-12.535172,-7.410228,-7.213373,2.7882593,7.3530188,10.882808,10.670835,2.357301,-5.4269447,-9.379997,-4.9367256,2.5324004,1.2391831,-4.687733,-9.183698,-5.3402543,4.8270802,11.397161,3.0551138,-2.5516257,-0.17471033,87.237404,44.80496,66.56634,33.154694,24.504791,19.908222,17.833761,20.600302,13.5558195,13.997251,10.247669,16.771114,17.862907,24.002104,23.58405,21.549824,24.667503,24.56412,23.047419,18.91628,15.374791,11.14897,12.796582,16.947977,17.888163,20.310091,22.351194,15.780391,13.467651,8.769923,3366.1993743359276,3074.737274755887,5660.484565327726,0.12182107381090487,0.046761807,0.26927546
-459.2529,22.45015,-33.062786,4.3239026,-9.761213,-7.941642,-11.406129,-8.143549,-10.410079,-10.789069,-6.558895,-5.7429433,1.8734434,7.6392508,8.984104,9.209279,3.4155018,-3.4193013,-7.4644127,-5.320375,0.7115163,0.46192986,-3.0121827,-7.077721,-5.0462704,2.6297808,9.50953,3.1613286,-1.1035155,-0.4279959,92.11429,37.417927,64.472855,27.109604,23.015396,16.781712,16.361383,16.409975,12.068304,14.304129,9.836649,15.499187,17.04047,22.56317,22.906292,20.539282,22.298508,22.829027,22.705763,17.364443,13.027389,10.0068655,11.055426,15.239852,17.250275,19.2834,22.47394,14.384478,11.978889,8.221995,3772.8462156430724,3618.3579160276613,6698.82461300029,0.1327830445185615,0.039867535,0.32116762
-470.45715,28.315985,-35.5254,7.300755,-18.7392,-13.25471,-12.059486,-5.8527203,-15.809587,-11.144521,-11.274759,-4.757556,0.5934314,6.270928,12.456519,13.215599,6.118388,-4.3334465,-10.472916,-9.045245,-0.35252383,-1.7235974,-2.4926112,-7.1011024,-8.53689,-0.2130071,10.875978,4.192442,0.2829359,-1.8531687,116.353676,40.09293,67.38664,25.247942,27.73394,21.04939,18.795168,18.424793,15.993931,17.829586,18.898056,17.672895,17.027308,25.031338,28.407784,21.753834,21.042662,24.558252,22.693626,17.138157,14.17833,10.31694,9.729772,16.731398,14.893333,14.503481,23.75881,12.707774,10.319223,9.520436,3666.8146294205712,3605.4089690251762,6763.873871628481,0.12472243873259861,0.051060837,0.30720642
-453.02136,30.76999,-20.213121,2.0725703,-14.873096,-16.26227,-8.799308,-3.963254,-9.77355,-7.1516776,-10.015523,-5.99948,-2.176671,0.11498995,7.7612634,9.878919,6.8487864,0.9103661,-3.349912,-5.875097,-2.4166887,-3.180298,-2.038915,-1.5194898,-4.961947,-0.65504164,2.9606574,1.4648576,1.1153929,-0.67522806,92.34539,32.625507,56.6038,20.089417,23.794395,22.246378,19.925728,17.803041,12.774997,16.826572,17.54277,15.821483,15.605786,20.80267,25.161514,19.36241,22.073427,21.715124,18.750336,15.286876,14.789868,9.643903,9.457897,10.540896,12.511223,14.290543,17.43834,10.427681,8.146907,8.284724,3109.5863223020015,3501.447625477447,5801.574508773202,0.08247081641531323,0.044601794,0.3146369
-459.25726,25.191813,-24.07809,5.540946,-15.871361,-14.469643,-2.129916,-2.4911194,-10.047188,-8.606932,-14.947946,-4.9065175,3.3870003,6.4727106,14.029698,8.04533,-1.5281326,-7.9610577,-7.9100866,-1.6199232,2.2081633,-3.147402,-6.154755,-6.191963,-2.6045153,6.3402367,7.816778,0.1862924,-1.2294942,-0.3746752,77.99512,31.266582,49.624374,20.614185,25.373657,24.400755,22.35618,18.051157,13.507925,17.585104,18.825731,13.258088,18.427925,23.054335,25.112776,18.127325,19.389582,21.138237,20.429281,18.918821,15.05548,8.8364,13.175682,13.645375,16.298489,17.885393,19.55321,13.505719,10.930273,9.303754,3303.870872590991,3504.6092174594837,6185.325165857019,0.08091987202726218,0.04785605,0.3038121
-441.58762,27.841698,-32.547832,7.0806136,-17.156324,-19.527744,-4.4914184,-5.259552,-12.819748,-7.6951137,-15.116875,-4.8453927,5.6623983,7.5663643,15.816101,11.050297,-0.29222292,-8.262479,-8.118078,-3.383416,1.4534353,-2.9731631,-7.4690332,-7.6258826,-2.8615572,8.321813,9.423394,0.5091676,-1.6787199,0.25935438,66.697754,36.92807,48.997482,28.3298,26.57914,24.988283,27.247377,23.310904,14.632094,18.876621,18.961864,14.908773,19.039968,22.383667,24.713884,19.264608,20.119232,21.65085,21.045977,24.511875,17.282131,10.325466,13.417681,14.342603,15.767493,18.173153,19.960083,15.274737,11.678206,10.558983,2674.837986144387,2862.265779620649,4878.5445140298725,0.06025005437935035,0.055000085,0.23835005
-428.65298,31.14097,-40.76585,6.4315896,-19.618765,-24.622353,-5.97759,-4.856903,-15.0809,-9.167677,-17.448269,-6.168843,6.625166,10.62139,18.750961,14.498822,1.9597155,-9.113306,-9.808552,-6.1172833,0.40796438,-2.3314676,-8.332955,-9.282334,-2.9509199,8.860934,12.4262705,3.5296674,-1.6188452,0.13978878,59.490036,38.324493,50.558228,29.775898,26.387896,23.005686,27.59426,22.908363,14.013394,18.903925,18.4173,16.52329,20.29316,23.71271,23.792646,18.62949,21.508787,24.918106,22.786205,25.36784,19.025522,13.190628,13.801249,15.210768,16.708572,18.791853,21.752558,17.260944,13.015121,10.959625,2604.9505023363517,2389.3043902893037,4315.783493148202,0.07310623912412993,0.063262835,0.18839565
-427.54117,33.411114,-50.243725,3.3124864,-20.354376,-21.118093,-7.07349,-8.154014,-13.390913,-8.165786,-14.055012,-2.5953367,7.7456827,10.957942,14.04096,8.50175,-1.2412933,-9.793916,-7.9570866,-2.9935656,1.2530262,-3.1763217,-9.448536,-8.151616,0.036974967,10.185189,11.931895,0.2261334,-3.0643437,1.4725245,83.11919,42.76219,61.4125,28.72523,28.15059,26.98864,28.227547,24.332958,16.241358,18.343914,16.571539,22.028446,21.342896,21.052813,23.292112,22.100105,21.578892,20.099743,18.128298,24.814203,19.224936,13.271417,13.457055,15.760784,14.085086,16.50992,18.835802,17.96005,12.314964,10.666601,2677.9401700125363,2331.6442962813694,4433.491675427784,0.0786982489849188,0.059625417,0.19235764
-436.3678,42.89791,-24.885454,4.63332,-16.20409,-24.011854,-31.123924,-15.270997,-11.780087,-6.5270066,-6.885086,-7.8750834,2.943447,5.401418,9.097914,7.5785217,6.5473604,8.589987,-2.4919574,-2.7604382,-1.7312533,-6.822423,-3.8020618,-8.060792,-11.011334,-2.2047465,6.2460093,4.197269,2.2965646,-2.8444812,67.02762,36.924805,45.326626,27.163067,23.905823,27.30147,21.051811,17.450129,17.593763,17.145,15.344145,16.902401,19.816643,26.088428,26.622948,22.360622,17.34685,20.685452,23.15676,22.061298,17.52538,17.021278,14.210073,13.740273,13.290222,13.854223,20.466658,14.957307,12.958937,10.0187,2541.231564836985,2639.14431155885,4549.551143779002,0.06121188913863109,0.03680985,0.1905543
-439.3108,36.895443,-53.015255,2.563659,-20.169376,-20.563562,-9.536228,-9.780812,-14.6966915,-5.752359,-14.154129,-2.7843068,7.550429,11.526199,12.31073,6.8405848,-1.3627281,-10.629502,-7.935567,-3.1077063,1.3388942,-2.340728,-11.029877,-10.341832,1.2412199,10.211845,12.867167,-0.5943258,-4.119451,1.7958817,90.09583,44.561665,69.477264,31.988781,26.129408,28.945887,31.210442,25.810394,18.174213,17.7395,19.62847,24.745638,22.214539,19.291918,23.116142,24.15085,22.084646,20.375883,18.99571,25.228203,18.326605,13.478974,12.968169,16.019972,12.531192,16.448677,17.705196,18.322332,12.507253,10.329097,2681.740463144423,2348.9196320920855,4497.491752465197,0.07920578958816706,0.056762263,0.19427155
-445.21365,47.142982,-45.67522,1.1432607,-18.73843,-27.24513,-19.016407,-10.364394,-14.316651,-7.6288133,-12.4771185,-2.2377763,6.001756,10.512097,11.805948,8.443403,0.36911726,-9.449261,-7.004546,-6.166122,-1.3013599,-1.5986274,-8.052923,-8.7902355,-0.65443397,7.373133,11.659923,3.3116033,-3.1281512,-0.7213047,83.62913,39.479675,74.20009,29.940744,21.860561,27.964848,34.88959,26.317749,23.989792,20.272726,20.402962,25.115856,26.118078,22.672606,26.912773,26.000896,25.340734,23.299397,20.392067,21.612808,16.412775,13.727232,12.174771,16.14996,11.958733,17.957617,18.147215,16.236172,12.561687,9.095368,2497.93258851676,2298.8124126072307,4181.43828850058,0.07396611260150812,0.05283155,0.1981214
-443.88855,53.319035,-41.46935,-2.0399528,-19.864017,-27.421696,-22.40753,-11.766712,-13.698911,-6.676973,-11.148793,-3.6548572,3.700941,7.676844,7.81416,4.6741214,0.7358608,-6.9021416,-5.741615,-4.4190903,-2.2549777,-1.0252156,-6.122031,-6.5621963,-0.17296591,3.3088264,9.910427,3.4729095,-1.7441763,0.6206205,91.733345,38.026535,78.95842,24.376244,20.865671,28.292028,36.567722,29.434288,23.224503,21.672636,20.775316,25.762096,24.261831,23.52642,27.221375,26.536966,25.961601,23.26515,21.568594,19.80049,16.915611,13.68923,13.125849,15.451002,12.771617,15.257489,19.27794,16.728645,12.194279,9.932049,2354.248833261619,2294.9617234496804,3932.632368401972,0.07055494127030162,0.05462163,0.20047002
-427.97897,45.874508,-50.40941,-1.7394096,-19.383884,-24.53201,-19.040836,-7.736869,-9.986201,-4.6873293,-10.31238,-3.5364988,2.7547033,3.1343224,8.060354,5.5794415,0.5783193,-5.8206162,-9.276319,-5.4227004,-1.2127044,0.038644176,-1.0049468,-3.6413825,-2.602705,0.4510478,7.7435136,3.3862195,0.3414372,-0.17493348,87.41372,42.003998,71.95626,22.901873,22.377996,28.336344,36.240173,29.820251,21.75423,20.881565,20.699738,24.61206,22.65085,22.587267,28.031948,27.059177,24.710014,22.311697,24.022873,19.70844,16.6794,13.086959,16.050554,14.199673,15.289484,19.51542,17.731981,15.780161,12.249667,12.923301,2525.758352115578,2275.884087194687,4096.054891422564,0.0782144993474478,0.0564439,0.19996108
-435.985,55.897427,-29.281458,-3.5766182,-19.0761,-26.667421,-28.195534,-11.170937,-13.695306,-4.1169095,-7.240613,-7.909577,0.16145204,0.785105,8.988177,7.981478,5.8986835,0.92908084,-6.0698366,-5.5952296,-1.8258607,1.5574923,0.14446355,-3.4393897,-3.481967,-2.951083,2.5502102,3.0279849,0.2331788,0.48349643,67.69135,44.990547,66.647675,27.01796,21.891542,23.288782,27.742685,32.58207,24.837933,20.646252,20.671095,18.365849,22.436623,22.097387,28.517195,25.263008,24.01568,24.762186,27.646591,21.754915,16.78534,13.723315,15.919636,14.133149,15.0265,20.06553,20.190292,15.053609,12.490067,13.184023,2248.271014623941,2190.726962875014,3610.6835031177493,0.06856782917633411,0.05211126,0.20725408
-430.4614,56.874557,-33.142586,-6.5031505,-17.950506,-23.572723,-28.688017,-10.874148,-13.615089,-2.8293915,-6.1628346,-10.274799,-2.8581984,-0.751772,9.426881,6.9751477,7.9273467,6.5290523,-2.054972,-4.4956827,-5.5840774,-1.4323255,-0.5418739,-3.3305495,-2.078482,-4.158182,-1.3866332,-0.55423474,-0.20076899,2.1889918,56.874496,49.114937,63.57334,35.18463,22.018818,24.788307,24.861012,35.15599,27.379316,19.397686,17.373138,17.785858,22.822084,20.983545,27.512264,23.541506,23.700247,27.863688,31.213678,22.161106,19.284424,15.484256,17.864443,14.577807,16.491522,21.274954,21.616617,17.922567,15.09475,14.405486,2104.761404049504,1950.7732942541866,3180.8188170678654,0.06413364631670533,0.06666449,0.19812489
-430.91727,54.824577,-37.30906,7.989093,-25.864315,-31.541111,-40.722805,-17.271288,-13.555543,-8.161922,-7.0714846,-7.60848,4.27045,4.1662903,9.031845,10.439228,4.21397,7.3640466,-4.292407,-4.3019257,-0.5098315,-9.669821,-1.5232503,-6.4810214,-13.133637,-3.3917189,2.5849984,2.758592,4.7075343,-1.1871245,87.91525,45.611332,55.022133,33.932724,30.02314,29.29039,23.565945,20.194382,21.587982,21.94836,18.295013,16.695284,20.542612,27.448486,26.830057,21.379246,20.075298,21.546976,23.421694,19.709429,17.151693,17.228752,15.427615,15.755068,16.541374,14.776658,22.770945,14.374538,13.589162,10.847987,2626.9751655741134,2656.0283766485068,4872.599151682135,0.061629930394431556,0.04878771,0.19773355
-430.6429,60.321976,-38.132275,2.9045217,-19.301617,-30.364197,-35.73472,-18.353575,-9.485587,-6.068649,-4.0805655,-8.096793,0.23933966,-1.8996185,0.98116976,5.8867207,6.7700114,13.344058,3.4209714,-0.50413144,-1.4712296,-11.828384,-1.7474581,-4.5333667,-12.391577,-3.1070237,-2.2965453,-0.9170239,3.6060736,0.100150056,78.86167,35.58001,53.116688,33.670757,26.22483,26.93157,28.05711,20.07026,23.73689,22.906954,17.468367,15.516839,19.929884,24.569983,23.056911,19.652279,23.498466,19.487808,22.58859,18.255426,19.7212,15.988988,17.560867,13.277003,18.743813,11.537278,16.274143,14.99123,15.777711,12.577512,2440.526008641454,2534.0366661853213,4358.15044500435,0.06184518198955916,0.046548262,0.19875775
-427.35107,59.033062,-37.780586,0.87245435,-19.956043,-26.3733,-31.234543,-13.5548525,-6.505851,-6.5069923,-4.9789076,-9.936158,-1.2292193,-0.91364896,1.5685183,5.1478405,5.0635037,9.690346,0.7867097,-2.0238736,-2.2996213,-9.527432,3.1157029,-1.3089817,-11.942117,-4.3197274,-4.093669,-1.4392318,3.4067795,0.08170101,85.49924,36.989338,50.48473,35.825256,26.419348,27.251913,29.422995,18.106487,21.039646,20.42106,17.523148,15.95447,19.829432,21.527456,19.962097,19.674252,25.465527,21.238602,21.577415,18.97269,18.517727,17.969421,17.844364,15.618594,18.741003,12.459025,16.41297,14.4213,15.158194,12.523142,2491.245256775586,2583.736848992692,4504.536257431844,0.05963488797853828,0.046730056,0.21151811
-427.67792,65.48923,-37.602703,0.44790938,-23.225273,-27.878643,-28.12227,-13.612798,-5.279852,-6.3509417,-5.871927,-13.789522,-8.352844,-6.3962884,-2.1379943,6.3586297,9.245468,15.1371,6.0049996,-0.4801684,-4.5870743,-11.205142,1.9226838,1.0635021,-6.6372285,-5.744153,-10.118692,-7.6828976,1.4671298,2.0951974,84.87134,36.12318,60.170197,28.897402,25.361124,23.190464,28.348293,23.355837,22.168976,18.440403,15.26161,17.313255,19.707844,18.345112,17.73275,21.25665,29.509678,23.948868,21.305746,20.442404,23.818419,21.29682,17.487593,14.973324,16.395937,14.329963,12.675485,14.269318,15.83025,14.187511,2183.4184546154115,2328.5866582375734,3816.0233287412993,0.05445638776102088,0.051225066,0.21164271
-415.9855,55.42337,-43.46081,3.6180508,-23.826258,-23.29679,-20.561932,-9.5820055,-7.1933193,-11.005466,-8.564214,-14.544578,-3.679773,-0.47092462,5.3154626,10.342714,6.3107224,8.304499,-1.8663006,-1.302215,-3.7300842,-11.731281,0.39982843,-3.5141973,-7.6144724,-1.1335857,-4.113754,-6.052214,0.24813822,3.5933466,76.58228,38.72768,52.753464,29.473742,23.634474,23.752062,28.263315,21.62674,19.882725,19.579515,13.996284,14.777946,24.851252,23.483425,22.325953,21.547302,29.120022,32.663208,26.121756,20.7953,22.285873,22.76884,17.54254,20.25951,15.972512,18.680134,21.954752,16.117723,18.991493,13.401709,2575.613717198421,2461.95480418836,4698.9346178944315,0.0699137180974478,0.059344225,0.20896545
-420.1356,49.502888,-40.896793,3.7168076,-20.674398,-14.863064,-14.152935,-7.3280616,-10.122022,-12.960797,-10.565133,-15.584655,-4.0598965,0.3232827,6.862462,8.936124,5.2363343,2.6894577,-3.7097893,0.01700601,-3.0968664,-7.4933906,-1.7655375,-5.7759843,-4.7415233,1.8680885,-0.11686179,-5.037693,-3.1673558,2.183082,70.10244,50.211063,58.105083,28.789526,22.13916,23.123705,21.077616,24.417454,19.632498,17.474657,11.752334,14.627101,23.73008,23.219927,24.577045,24.12713,29.3965,33.258995,26.327013,20.355722,22.72251,22.471096,18.221313,21.058971,14.087921,19.372427,23.164429,16.917387,18.057104,13.531082,2476.3407511980045,2365.495805263198,4252.083182279583,0.06928382395591648,0.062387038,0.20603271
-435.35764,37.756958,-39.635033,3.50363,-18.059797,-12.908257,-9.500801,-6.032126,-9.930967,-10.8114395,-7.7685304,-10.869724,-1.6129527,3.3899224,9.81901,8.717819,0.09431136,-3.269573,-5.7145934,-1.6495587,0.1156949,-1.686477,-3.1583714,-5.706874,-1.8411772,4.495007,3.8068678,-4.09113,-4.162,1.3881114,68.54262,48.989754,58.586735,30.16983,22.752777,22.05249,18.95693,21.77191,13.881366,15.625661,11.502275,17.745579,23.186024,26.035294,20.927095,23.919683,28.245789,31.931206,22.44222,20.514917,20.729584,18.96717,17.360128,21.301052,16.125946,22.443783,22.655342,16.857191,16.450447,11.572085,2544.7116808320066,2367.888646649652,4227.202590269721,0.0743150467662413,0.051584024,0.21695703
